redispatch_fraction_pmax,state,kind,element_index,response_mode,branch_rating,objective,max_balance_residual_mw,max_loading_fraction,max_loaded_branch_index,max_redispatch_mw,outaged_branch_flow_mw,outaged_generator_mw
0.1,base,base,,base,rate_a,76414.42157674432,1.7621459846850485e-12,0.6228571428571813,10,0.0,,
0.1,branch_0_immediate,branch,0,fixed,rate_c,76414.42157674432,1.3073986337985843e-12,0.495454545454576,10,1.4210854715202004e-14,-0.0,
0.1,branch_0_sustained,branch,0,bounded,rate_a,71830.69036913435,8.526512829121202e-13,0.5798640796253615,9,40.0,-0.0,
0.1,branch_1_immediate,branch,1,fixed,rate_c,76414.42157674432,1.8758328224066645e-12,0.495454545454576,10,1.4210854715202004e-14,-0.0,
0.1,branch_1_sustained,branch,1,bounded,rate_a,72098.32436963433,5.115907697472721e-13,0.5681267122932172,9,40.0,-0.0,
0.1,branch_2_immediate,branch,2,fixed,rate_c,76414.42157674432,1.4210854715202004e-12,0.495454545454576,10,1.4210854715202004e-14,-0.0,
0.1,branch_2_sustained,branch,2,bounded,rate_a,73264.15673213433,3.979039320256561e-13,0.5659628340137245,22,40.0,-0.0,
0.1,branch_3_immediate,branch,3,fixed,rate_c,76414.42157674432,2.0463630789890885e-12,0.495454545454576,10,1.4210854715202004e-14,-0.0,
0.1,branch_3_sustained,branch,3,bounded,rate_a,72098.32436963431,1.0800249583553523e-12,0.5652655585759238,22,40.0,-0.0,
0.1,branch_4_immediate,branch,4,fixed,rate_c,76414.42157674432,1.6484591469634324e-12,0.68,9,1.4210854715202004e-14,-0.0,
0.1,branch_4_sustained,branch,4,bounded,rate_a,72098.32436963431,1.1937117960769683e-12,0.7771428571428571,9,40.0,-0.0,
0.1,branch_5_immediate,branch,5,fixed,rate_c,76414.42157674432,1.3073986337985843e-12,0.495454545454576,10,1.4210854715202004e-14,-0.0,
0.1,branch_5_sustained,branch,5,bounded,rate_a,72098.32436963433,4.547473508864641e-13,0.5631422020856159,22,40.0,-0.0,
0.1,branch_6_immediate,branch,6,fixed,rate_c,76414.42157674432,2.0463630789890885e-12,0.5538065096539019,5,1.4210854715202004e-14,-0.0,
0.1,branch_6_sustained,branch,6,bounded,rate_a,72098.32436963433,1.4210854715202004e-12,0.7646295948435773,22,40.0,-0.0,
0.1,branch_7_immediate,branch,7,fixed,rate_c,76414.42157674432,1.8758328224066645e-12,0.5239359343746863,9,1.4210854715202004e-14,-0.0,
0.1,branch_7_sustained,branch,7,bounded,rate_a,71838.25299338433,6.252776074688882e-13,0.6359261021389754,9,40.0,-0.0,
0.1,branch_8_immediate,branch,8,fixed,rate_c,76414.42157674432,1.1119993814645568e-12,0.5041433938787615,9,1.4210854715202004e-14,-0.0,
0.1,branch_8_sustained,branch,8,bounded,rate_a,71838.25299338435,6.252776074688882e-13,0.6166762583716174,9,40.0,-0.0,
0.1,branch_9_immediate,branch,9,fixed,rate_c,76414.42157674432,1.4495071809506044e-12,0.6181818181818182,4,1.4210854715202004e-14,-0.0,
0.1,branch_9_sustained,branch,9,bounded,rate_a,72098.32436963431,2.2737367544323206e-12,0.7771428571428571,4,40.0,-0.0,
0.1,branch_11_immediate,branch,11,fixed,rate_c,76414.42157674432,1.3073986337985843e-12,0.4954545454545761,10,0.0,-0.0,
0.1,branch_11_sustained,branch,11,bounded,rate_a,71830.69036913435,1.4210854715202004e-12,0.5773083349330672,22,40.0,-0.0,
0.1,branch_12_immediate,branch,12,fixed,rate_c,76414.42157674432,3.0127011996228248e-12,0.495454545454576,10,1.4210854715202004e-14,-0.0,
0.1,branch_12_sustained,branch,12,bounded,rate_a,71838.25299338435,3.552713678800501e-12,0.5784270773668808,9,40.0,-0.0,
0.1,branch_13_immediate,branch,13,fixed,rate_c,76414.42157674432,1.2505552149377763e-12,0.5036192061960658,9,1.4210854715202004e-14,-0.0,
0.1,branch_13_sustained,branch,13,bounded,rate_a,71830.69036913435,1.6484591469634324e-12,0.6046020601484259,9,40.0,-0.0,
0.1,branch_14_immediate,branch,14,fixed,rate_c,76414.42157674432,4.035882739117369e-12,0.5180237226562984,9,1.4210854715202004e-14,-0.0,
0.1,branch_14_sustained,branch,14,bounded,rate_a,71838.25299338439,4.348521542851813e-12,0.6220037469886679,16,40.0,-0.0,
0.1,branch_15_immediate,branch,15,fixed,rate_c,76414.42157674432,1.5916157281026244e-12,0.495454545454576,10,1.4210854715202004e-14,-0.0,
0.1,branch_15_sustained,branch,15,bounded,rate_a,71838.25299338439,5.9117155615240335e-12,0.7141595840360887,16,40.0,-0.0,
0.1,branch_16_immediate,branch,16,fixed,rate_c,76414.42157674432,2.3590018827235326e-12,0.495454545454576,10,1.4210854715202004e-14,-0.0,
0.1,branch_16_sustained,branch,16,bounded,rate_a,71838.25299338432,9.094947017729282e-13,0.6895838983668401,15,40.0,-0.0,
0.1,branch_17_immediate,branch,17,fixed,rate_c,76414.42157674432,1.3073986337985843e-12,0.5247140416859357,22,1.4210854715202004e-14,-0.0,
0.1,branch_17_sustained,branch,17,bounded,rate_a,72098.32436963433,1.0231815394945443e-12,0.7141429612109933,22,40.0,-0.0,
0.1,branch_18_immediate,branch,18,fixed,rate_c,76414.42157674432,1.2505552149377763e-12,0.495454545454576,10,1.4210854715202004e-14,-0.0,
0.1,branch_18_sustained,branch,18,bounded,rate_a,71838.25299338433,6.252776074688882e-13,0.5434586938057698,6,40.0,-0.0,
0.1,branch_19_immediate,branch,19,fixed,rate_c,76414.42157674432,1.7621459846850485e-12,0.495454545454576,10,1.4210854715202004e-14,-0.0,
0.1,branch_19_sustained,branch,19,bounded,rate_a,71838.25299338433,3.410605131648481e-13,0.5681806758886185,17,40.0,-0.0,
0.1,branch_20_immediate,branch,20,fixed,rate_c,76414.42157674432,1.2363443602225743e-12,0.495454545454576,10,1.4210854715202004e-14,-0.0,
0.1,branch_20_sustained,branch,20,bounded,rate_a,71838.2529933843,3.524291969370097e-12,0.6880671875140778,22,40.0,-0.0,
0.1,branch_21_immediate,branch,21,fixed,rate_c,76414.42157674432,1.8829382497642655e-12,0.495454545454576,10,1.4210854715202004e-14,-0.0,
0.1,branch_21_sustained,branch,21,bounded,rate_a,71838.25299338433,5.115907697472721e-13,0.675102153606927,22,40.0,-0.0,
0.1,branch_22_immediate,branch,22,fixed,rate_c,76414.42157674432,1.4779288903810084e-12,0.5403820208450051,17,1.4210854715202004e-14,-0.0,
0.1,branch_22_sustained,branch,22,bounded,rate_a,72098.32436963431,1.4779288903810084e-12,0.6855538715943467,17,40.0,-0.0,
0.1,branch_23_immediate,branch,23,fixed,rate_c,76414.42157674432,6.0396132539608516e-12,0.495454545454576,10,1.4210854715202004e-14,-0.0,
0.1,branch_23_sustained,branch,23,bounded,rate_a,72056.64333678439,1.7905676941154525e-12,0.5685993756716198,22,40.0,-0.0,
0.1,branch_24_immediate,branch,24,fixed,rate_c,76414.42157674432,1.4210854715202004e-12,0.495454545454576,10,1.4210854715202004e-14,-0.0,
0.1,branch_24_sustained,branch,24,bounded,rate_a,71838.25299338433,1.8758328224066645e-12,0.6821509345926332,27,40.0,-0.0,
0.1,branch_25_immediate,branch,25,fixed,rate_c,76414.42157674432,1.4210854715202004e-12,0.495454545454576,10,1.4210854715202004e-14,-0.0,
0.1,branch_25_sustained,branch,25,bounded,rate_a,71838.25299338433,1.8758328224066645e-12,0.6821509345926332,27,40.0,-0.0,
0.1,branch_26_immediate,branch,26,fixed,rate_c,76414.42157674432,2.1032064978498966e-12,0.553806509653902,5,1.4210854715202004e-14,-0.0,
0.1,branch_26_sustained,branch,26,bounded,rate_a,71996.70924410432,1.9610979506978765e-12,0.7961769792284412,22,40.0,-0.0,
0.1,branch_27_immediate,branch,27,fixed,rate_c,76414.42157674432,1.1652900866465643e-12,0.495454545454576,10,1.4210854715202004e-14,-0.0,
0.1,branch_27_sustained,branch,27,bounded,rate_a,76083.28759975432,2.7569058147491887e-12,0.5606331157143395,9,40.0,-0.0,
0.1,branch_28_immediate,branch,28,fixed,rate_c,76414.42157674432,8.526512829121202e-13,0.495454545454576,10,1.4210854715202004e-14,-0.0,
0.1,branch_28_sustained,branch,28,bounded,rate_a,71838.25299338427,2.0179413695586845e-12,0.5959006267933348,22,40.0,-0.0,
0.1,branch_29_immediate,branch,29,fixed,rate_c,76414.42157674432,6.252776074688882e-13,0.495454545454576,10,1.4210854715202004e-14,-0.0,
0.1,branch_29_sustained,branch,29,bounded,rate_a,77231.29787758435,4.547473508864641e-13,0.5682782826202442,9,40.0,-0.0,
0.1,branch_30_immediate,branch,30,fixed,rate_c,76414.42157674432,1.9326762412674725e-12,0.495454545454576,10,1.4210854715202004e-14,-0.0,
0.1,branch_30_sustained,branch,30,bounded,rate_a,71830.69036913438,2.0463630789890885e-12,0.6,37,40.0,-0.0,
0.1,branch_31_immediate,branch,31,fixed,rate_c,76414.42157674432,6.764366844436154e-12,0.495454545454576,10,1.4210854715202004e-14,-0.0,
0.1,branch_31_sustained,branch,31,bounded,rate_a,71838.25299338433,3.979039320256561e-13,0.5729728771821736,22,40.0,-0.0,
0.1,branch_32_immediate,branch,32,fixed,rate_c,76414.42157674432,2.0037305148434825e-12,0.495454545454576,10,1.4210854715202004e-14,-0.0,
0.1,branch_32_sustained,branch,32,bounded,rate_a,71838.25299338433,3.979039320256561e-13,0.5729728771821736,22,40.0,-0.0,
0.1,branch_33_immediate,branch,33,fixed,rate_c,76414.42157674432,2.0179413695586845e-12,0.495454545454576,10,1.4210854715202004e-14,-0.0,
0.1,branch_33_sustained,branch,33,bounded,rate_a,71838.25299338436,7.958078640513122e-13,0.5597831756176872,9,40.0,-0.0,
0.1,branch_34_immediate,branch,34,fixed,rate_c,76414.42157674432,2.0179413695586845e-12,0.495454545454576,10,1.4210854715202004e-14,-0.0,
0.1,branch_34_sustained,branch,34,bounded,rate_a,71830.69036913436,7.958078640513122e-13,0.5597831756176872,9,40.0,-0.0,
0.1,branch_35_immediate,branch,35,fixed,rate_c,76414.42157674432,2.2737367544323206e-12,0.495454545454576,10,1.4210854715202004e-14,-0.0,
0.1,branch_35_sustained,branch,35,bounded,rate_a,71838.25299338436,1.0231815394945443e-12,0.5598134943315963,9,40.0,-0.0,
0.1,branch_36_immediate,branch,36,fixed,rate_c,76414.42157674432,2.2737367544323206e-12,0.495454545454576,10,1.4210854715202004e-14,-0.0,
0.1,branch_36_sustained,branch,36,bounded,rate_a,71838.25299338436,1.0231815394945443e-12,0.5598134943315963,9,40.0,-0.0,
0.1,branch_37_immediate,branch,37,fixed,rate_c,76414.42157674432,4.177991286269389e-12,0.495454545454576,10,1.4210854715202004e-14,-0.0,
0.1,branch_37_sustained,branch,37,bounded,rate_a,71838.2529933843,2.2737367544323206e-12,0.6107962933459486,27,40.0,-0.0,
0.1,generator_0_sustained,generator,0,bounded,rate_a,69592.48569338433,1.1937117960769683e-12,0.5792227893468007,22,40.0,,0.0
0.1,generator_1_sustained,generator,1,bounded,rate_a,69592.48569338433,1.1937117960769683e-12,0.5792227893468007,22,40.0,,0.0
0.1,generator_2_sustained,generator,2,bounded,rate_a,71647.29088750425,2.4442670110147446e-12,0.6208414138672842,9,40.0,,0.0
0.1,generator_3_sustained,generator,3,bounded,rate_a,71490.86450538425,8.29913915367797e-12,0.6212203268110296,9,40.0,,0.0
0.1,generator_4_sustained,generator,4,bounded,rate_a,69590.19218913432,3.0127011996228248e-12,0.5793420622387274,22,40.0,,0.0
0.1,generator_5_sustained,generator,5,bounded,rate_a,71026.6756929043,2.8848035071860068e-12,0.5777620121560892,9,40.0,,0.0
0.1,generator_6_sustained,generator,6,bounded,rate_a,72925.34447282432,2.4442670110147446e-12,0.6342432046787415,9,40.0,,0.0
0.1,generator_7_sustained,generator,7,bounded,rate_a,72925.34447282432,2.4442670110147446e-12,0.6342432046787415,9,40.0,,0.0
0.1,generator_8_sustained,generator,8,bounded,rate_a,70392.54561772784,1.7621459846850485e-12,0.5857206663254746,22,40.0,,0.0
0.1,generator_9_sustained,generator,9,bounded,rate_a,68832.57061695025,1.1937117960769683e-12,0.6198276897752919,22,40.0,,0.0
0.1,generator_10_sustained,generator,10,bounded,rate_a,71735.42563320938,1.1937117960769683e-12,0.5713775525667049,22,40.0,,0.0
0.1,generator_11_sustained,generator,11,bounded,rate_a,68085.51321758445,1.5916157281026244e-12,0.6368446209586064,22,40.0,,0.0
0.1,generator_12_sustained,generator,12,bounded,rate_a,68568.74858138425,7.23332505003782e-12,0.6256568080000753,22,40.0,,0.0
0.1,generator_13_sustained,generator,13,bounded,rate_a,68085.51321758445,1.5916157281026244e-12,0.6368446209586064,22,40.0,,0.0
0.1,generator_15_sustained,generator,15,bounded,rate_a,71649.18789738433,1.3073986337985843e-12,0.5727971004853976,22,40.0,,0.0
0.1,generator_16_sustained,generator,16,bounded,rate_a,71754.70527306432,2.2737367544323206e-12,0.5867934745841699,22,40.0,,0.0
0.1,generator_17_sustained,generator,17,bounded,rate_a,71649.18789738431,1.8189894035458565e-12,0.5727971004853971,22,40.0,,0.0
0.1,generator_18_sustained,generator,18,bounded,rate_a,71754.7052730643,4.121147867408581e-12,0.5760179229399873,22,40.0,,0.0
0.1,generator_19_sustained,generator,19,bounded,rate_a,71649.18789738433,1.3073986337985843e-12,0.5727971004853976,22,40.0,,0.0
0.1,generator_20_sustained,generator,20,bounded,rate_a,74116.72890278442,1.2505552149377763e-12,0.5666275574236099,9,40.0,,0.0
0.1,generator_21_sustained,generator,21,bounded,rate_a,74072.7239787844,1.1937117960769683e-12,0.5630370939550714,9,40.0,,0.0
0.1,generator_22_sustained,generator,22,bounded,rate_a,82842.90008151432,1.1084466677857563e-12,0.7942857142857526,10,40.0,,0.0
0.1,generator_23_sustained,generator,23,bounded,rate_a,82842.90008151432,2.5579538487363607e-13,0.7942857142857526,10,40.0,,0.0
0.1,generator_24_sustained,generator,24,bounded,rate_a,73464.51596838448,1.2221335055073723e-12,0.5611052114708374,9,40.0,,0.0
0.1,generator_25_sustained,generator,25,bounded,rate_a,72573.82939538435,1.1937117960769683e-12,0.5669964962312154,22,40.0,,0.0
0.1,generator_26_sustained,generator,26,bounded,rate_a,72573.82939538432,3.979039320256561e-13,0.5642497869885801,22,40.0,,0.0
0.1,generator_27_sustained,generator,27,bounded,rate_a,73998.46494113433,5.400124791776761e-13,0.5601111385990161,9,40.0,,0.0
0.1,generator_28_sustained,generator,28,bounded,rate_a,73464.51596838428,2.6716406864579767e-12,0.561105211470837,9,40.0,,0.0
0.1,generator_29_sustained,generator,29,bounded,rate_a,72573.82939538434,1.3216094885137863e-12,0.5642497869885811,22,40.0,,0.0
0.1,generator_30_sustained,generator,30,bounded,rate_a,74484.54460946431,1.8758328224066645e-12,0.5636221088000217,22,40.0,,0.0
0.1,generator_31_sustained,generator,31,bounded,rate_a,75200.84014758424,1.7621459846850485e-12,0.558945431828626,9,40.0,,0.0
0.1,generator_32_sustained,generator,32,bounded,rate_a,79501.6441310144,2.2168933355715126e-12,0.7942857142857526,10,40.0,,0.0
0.2,base,base,,base,rate_a,67630.80634700714,2.8421709430404007e-13,0.6633095132845452,22,0.0,,
0.2,branch_0_immediate,branch,0,fixed,rate_c,67630.80634700714,6.039613253960852e-13,0.5318211325210171,22,2.842170943040401e-14,-0.0,
0.2,branch_0_sustained,branch,0,bounded,rate_a,68514.51066848238,5.684341886080801e-13,0.6553307916629156,9,60.70312499999335,-0.0,
0.2,branch_1_immediate,branch,1,fixed,rate_c,67630.80634700714,1.1368683772161603e-13,0.5356158671214878,22,2.842170943040401e-14,-0.0,
0.2,branch_1_sustained,branch,1,bounded,rate_a,66759.61559874626,1.1368683772161603e-12,0.7046069233854166,22,60.70312499999335,-0.0,
0.2,branch_2_immediate,branch,2,fixed,rate_c,67630.80634700714,8.526512829121202e-13,0.5371901031867861,22,2.842170943040401e-14,-0.0,
0.2,branch_2_sustained,branch,2,bounded,rate_a,65090.81976055212,3.410605131648481e-13,0.7435529365581897,22,60.70312499999335,-0.0,
0.2,branch_3_immediate,branch,3,fixed,rate_c,67630.80634700714,3.126388037344441e-13,0.5319106299720116,22,2.842170943040401e-14,-0.0,
0.2,branch_3_sustained,branch,3,bounded,rate_a,65091.70755891468,4.547473508864641e-13,0.7386701804157468,22,60.70312499999335,-0.0,
0.2,branch_4_immediate,branch,4,fixed,rate_c,67630.80634700714,3.410605131648481e-13,0.68,9,2.842170943040401e-14,-0.0,
0.2,branch_4_sustained,branch,4,bounded,rate_a,64986.56862775214,3.410605131648481e-13,0.7771428571428571,9,60.70312499999335,-0.0,
0.2,branch_5_immediate,branch,5,fixed,rate_c,67630.80634700714,7.389644451905042e-13,0.5382271424991348,22,2.842170943040401e-14,-0.0,
0.2,branch_5_sustained,branch,5,bounded,rate_a,66956.75549420314,6.252776074688882e-13,0.6987168978913669,22,60.70312499999335,-0.0,
0.2,branch_6_immediate,branch,6,fixed,rate_c,67630.80634700714,1.4495071809506044e-12,0.7118662771505159,22,2.842170943040401e-14,-0.0,
0.2,branch_6_sustained,branch,6,bounded,rate_a,66759.61559874639,2.7853275241795927e-12,0.9357139617442638,22,60.70312499999335,-0.0,
0.2,branch_7_immediate,branch,7,fixed,rate_c,67630.80634700714,6.821210263296962e-13,0.5439268214567303,9,2.842170943040401e-14,-0.0,
0.2,branch_7_sustained,branch,7,bounded,rate_a,66759.61559874627,5.115907697472721e-13,0.7151041398593971,9,60.70312499999335,-0.0,
0.2,branch_8_immediate,branch,8,fixed,rate_c,67630.80634700714,9.663381206337363e-13,0.5277216643949717,22,2.842170943040401e-14,-0.0,
0.2,branch_8_sustained,branch,8,bounded,rate_a,66760.68060126073,3.410605131648481e-13,0.7048418038860285,9,60.70312499999335,-0.0,
0.2,branch_9_immediate,branch,9,fixed,rate_c,67630.80634700714,5.684341886080801e-13,0.6181818181818182,4,2.842170943040401e-14,-0.0,
0.2,branch_9_sustained,branch,9,bounded,rate_a,66759.58062467312,2.2737367544323206e-13,0.7771428571428571,4,60.70312499999335,-0.0,
0.2,branch_11_immediate,branch,11,fixed,rate_c,67630.80634700714,3.979039320256561e-13,0.5338827306007496,22,2.842170943040401e-14,-0.0,
0.2,branch_11_sustained,branch,11,bounded,rate_a,66850.01695335803,4.121147867408581e-13,0.9327232142856977,12,60.70312499999335,-0.0,
0.2,branch_12_immediate,branch,12,fixed,rate_c,67630.80634700714,6.536993168992922e-13,0.5285131710948758,22,2.842170943040401e-14,-0.0,
0.2,branch_12_sustained,branch,12,bounded,rate_a,66760.68060126076,5.684341886080801e-13,0.9327232142856977,11,60.70312499999335,-0.0,
0.2,branch_13_immediate,branch,13,fixed,rate_c,67630.80634700714,4.831690603168681e-13,0.5183355697881311,9,2.842170943040401e-14,-0.0,
0.2,branch_13_sustained,branch,13,bounded,rate_a,66759.6155987463,4.263256414560601e-13,0.6688576658386591,9,60.70312499999335,-0.0,
0.2,branch_14_immediate,branch,14,fixed,rate_c,67630.80634700714,3.126388037344441e-13,0.5448785681002557,22,2.842170943040401e-14,-0.0,
0.2,branch_14_sustained,branch,14,bounded,rate_a,65008.35363409973,3.410605131648481e-13,0.7510174092219188,22,60.70312499999335,-0.0,
0.2,branch_15_immediate,branch,15,fixed,rate_c,67630.80634700714,4.831690603168681e-13,0.5033294137606223,27,2.842170943040401e-14,-0.0,
0.2,branch_15_sustained,branch,15,bounded,rate_a,65028.80857855969,3.410605131648481e-13,0.8149843193370373,16,60.70312499999335,-0.0,
0.2,branch_16_immediate,branch,16,fixed,rate_c,67630.80634700714,1.4210854715202004e-12,0.5665065467638783,22,2.842170943040401e-14,-0.0,
0.2,branch_16_sustained,branch,16,bounded,rate_a,66759.61559874631,1.0729195309977513e-12,0.8040438451049043,15,60.70312499999335,-0.0,
0.2,branch_17_immediate,branch,17,fixed,rate_c,67630.80634700714,4.547473508864641e-13,0.6252397609610172,22,2.842170943040401e-14,-0.0,
0.2,branch_17_sustained,branch,17,bounded,rate_a,66760.68060126078,9.379164112033322e-13,0.8348046878966257,22,60.70312499999335,-0.0,
0.2,branch_18_immediate,branch,18,fixed,rate_c,67630.80634700714,1.1368683772161603e-12,0.49612548498451026,27,2.842170943040401e-14,-0.0,
0.2,branch_18_sustained,branch,18,bounded,rate_a,68514.51066848241,1.0587086762825493e-12,0.650196069254092,6,60.70312499999335,-0.0,
0.2,branch_19_immediate,branch,19,fixed,rate_c,67630.80634700714,8.526512829121202e-13,0.5146534579484573,22,2.842170943040401e-14,-0.0,
0.2,branch_19_sustained,branch,19,bounded,rate_a,66759.58062467315,2.8421709430404007e-13,0.6675640338185123,22,60.70312499999335,-0.0,
0.2,branch_20_immediate,branch,20,fixed,rate_c,67630.80634700714,1.9895196601282805e-12,0.6236532790358137,22,2.842170943040401e-14,-0.0,
0.2,branch_20_sustained,branch,20,bounded,rate_a,65007.25365751212,1.1368683772161603e-12,0.8695183564343927,22,60.70312499999335,-0.0,
0.2,branch_21_immediate,branch,21,fixed,rate_c,67630.80634700714,1.1368683772161603e-12,0.6186262167896752,22,2.842170943040401e-14,-0.0,
0.2,branch_21_sustained,branch,21,bounded,rate_a,66851.11692994565,2.1032064978498966e-12,0.8146494720802757,22,60.70312499999335,-0.0,
0.2,branch_22_immediate,branch,22,fixed,rate_c,67630.80634700714,2.3874235921539366e-12,0.5202223146171,17,2.842170943040401e-14,-0.0,
0.2,branch_22_sustained,branch,22,bounded,rate_a,66850.01695335808,2.7853275241795927e-12,0.8295397032492453,6,60.70312499999335,-0.0,
0.2,branch_23_immediate,branch,23,fixed,rate_c,67630.80634700714,1.1652900866465643e-12,0.5998032069699984,27,2.842170943040401e-14,-0.0,
0.2,branch_23_sustained,branch,23,bounded,rate_a,65049.971488819894,1.9326762412674725e-12,0.7475273162029732,27,60.70312499999335,-0.0,
0.2,branch_24_immediate,branch,24,fixed,rate_c,67630.80634700714,5.684341886080801e-13,0.6621521816366629,27,2.842170943040401e-14,-0.0,
0.2,branch_24_sustained,branch,24,bounded,rate_a,66759.58062467311,1.3073986337985843e-12,0.8135518373145776,27,60.70312499999335,-0.0,
0.2,branch_25_immediate,branch,25,fixed,rate_c,67630.80634700714,5.684341886080801e-13,0.6621521816366629,27,2.842170943040401e-14,-0.0,
0.2,branch_25_sustained,branch,25,bounded,rate_a,66851.11692994562,2.8421709430404007e-13,0.813653183740448,27,60.70312499999335,-0.0,
0.2,branch_26_immediate,branch,26,fixed,rate_c,67630.80634700714,1.8758328224066645e-12,0.711866277150516,22,2.842170943040401e-14,-0.0,
0.2,branch_26_sustained,branch,26,bounded,rate_a,65090.81976055222,3.240074875066057e-12,0.9941541524693923,22,60.70312499999335,-0.0,
0.2,branch_27_immediate,branch,27,fixed,rate_c,67630.80634700714,2.0747847884194925e-12,0.6136,24,2.842170943040401e-14,-0.0,
0.2,branch_27_sustained,branch,27,bounded,rate_a,65091.91973713977,1.3642420526593924e-12,0.767,24,60.70312499999335,-0.0,
0.2,branch_28_immediate,branch,28,fixed,rate_c,67630.80634700714,7.105427357601002e-13,0.6402038046623717,22,2.842170943040401e-14,-0.0,
0.2,branch_28_sustained,branch,28,bounded,rate_a,64987.28891698967,5.400124791776761e-13,0.8339999908336464,22,60.70312499999335,-0.0,
0.2,branch_29_immediate,branch,29,fixed,rate_c,67630.80634700714,2.1458390619955026e-12,0.5245214174561229,22,2.842170943040401e-14,-0.0,
0.2,branch_29_sustained,branch,29,bounded,rate_a,70434.26583056695,2.4442670110147446e-12,0.623212885440154,22,80.0,-0.0,
0.2,branch_30_immediate,branch,30,fixed,rate_c,67630.80634700714,1.8189894035458565e-12,0.5286945245312024,22,2.842170943040401e-14,-0.0,
0.2,branch_30_sustained,branch,30,bounded,rate_a,66759.6155987463,2.2737367544323206e-13,0.6890280094876512,22,60.70312499999335,-0.0,
0.2,branch_31_immediate,branch,31,fixed,rate_c,67630.80634700714,2.5863755581667647e-12,0.5300892679061625,22,2.842170943040401e-14,-0.0,
0.2,branch_31_sustained,branch,31,bounded,rate_a,64987.668604339735,7.389644451905042e-13,0.7281222596711217,22,60.70312499999335,-0.0,
0.2,branch_32_immediate,branch,32,fixed,rate_c,67630.80634700714,1.5916157281026244e-12,0.5300892679061623,22,2.842170943040401e-14,-0.0,
0.2,branch_32_sustained,branch,32,bounded,rate_a,66850.3394420261,3.0127011996228248e-12,0.6898282249323212,22,58.19765624999502,-0.0,
0.2,branch_33_immediate,branch,33,fixed,rate_c,67630.80634700714,1.2221335055073723e-12,0.5208955110803548,22,2.842170943040401e-14,-0.0,
0.2,branch_33_sustained,branch,33,bounded,rate_a,65007.253657512134,5.115907697472721e-13,0.7155182563912582,22,60.70312499999335,-0.0,
0.2,branch_34_immediate,branch,34,fixed,rate_c,67630.80634700714,1.2221335055073723e-12,0.5208955110803548,22,2.842170943040401e-14,-0.0,
0.2,branch_34_sustained,branch,34,bounded,rate_a,66760.68060126071,7.958078640513122e-13,0.6731504825086444,22,60.70312499999335,-0.0,
0.2,branch_35_immediate,branch,35,fixed,rate_c,67630.80634700714,5.400124791776761e-13,0.5168618970574025,22,2.842170943040401e-14,-0.0,
0.2,branch_35_sustained,branch,35,bounded,rate_a,64987.2889169897,1.7053025658242404e-13,0.7098237196533163,22,60.70312499999335,-0.0,
0.2,branch_36_immediate,branch,36,fixed,rate_c,67630.80634700714,5.400124791776761e-13,0.5168618970574025,22,2.842170943040401e-14,-0.0,
0.2,branch_36_sustained,branch,36,bounded,rate_a,64986.568627752145,1.7053025658242404e-13,0.7098237196533163,22,60.70312499999335,-0.0,
0.2,branch_37_immediate,branch,37,fixed,rate_c,67630.80634700714,4.831690603168681e-13,0.5831063351087505,27,2.842170943040401e-14,-0.0,
0.2,branch_37_sustained,branch,37,bounded,rate_a,65028.02128567213,3.410605131648481e-13,0.7352372170873019,22,60.70312499999335,-0.0,
0.2,generator_0_sustained,generator,0,bounded,rate_a,65081.97897356688,5.115907697472721e-13,0.6907777555809984,22,60.70312499999335,,0.0
0.2,generator_1_sustained,generator,1,bounded,rate_a,63374.19980544467,3.410605131648481e-13,0.733622156003656,22,60.70312499999335,,0.0
0.2,generator_2_sustained,generator,2,bounded,rate_a,66359.84199396466,2.2737367544323206e-13,0.7305554934783697,22,60.70312499999335,,0.0
0.2,generator_3_sustained,generator,3,bounded,rate_a,66340.61023357965,4.547473508864641e-13,0.7287289117708547,22,60.70312499999335,,0.0
0.2,generator_4_sustained,generator,4,bounded,rate_a,63334.18579009972,2.7000623958883807e-13,0.7300882654805515,22,60.70312499999335,,0.0
0.2,generator_5_sustained,generator,5,bounded,rate_a,63415.54926913972,3.979039320256561e-13,0.7373945923106107,22,60.70312499999335,,0.0
0.2,generator_6_sustained,generator,6,bounded,rate_a,68077.79594875939,2.5579538487363607e-13,0.6898776025052133,22,60.70312499999335,,0.0
0.2,generator_7_sustained,generator,7,bounded,rate_a,66961.66588759221,1.0231815394945443e-12,0.7226758035365392,22,60.70312499999335,,0.0
0.2,generator_8_sustained,generator,8,bounded,rate_a,66188.0959532987,3.410605131648481e-13,0.6946652920724053,22,60.70312499999335,,0.0
0.2,generator_9_sustained,generator,9,bounded,rate_a,64450.4276658028,3.410605131648481e-13,0.7338565290800334,22,60.70312499999335,,0.0
0.2,generator_10_sustained,generator,10,bounded,rate_a,66168.42890870805,5.684341886080801e-13,0.6928387103648905,22,60.70312499999335,,0.0
0.2,generator_11_sustained,generator,11,bounded,rate_a,65193.186356487044,1.0800249583553523e-12,0.7390393866287649,22,60.70312499999335,,0.0
0.2,generator_12_sustained,generator,12,bounded,rate_a,65062.15285127133,6.252776074688882e-13,0.7374586956029766,22,60.70312499999335,,0.0
0.2,generator_13_sustained,generator,13,bounded,rate_a,65160.79168775133,6.821210263296962e-13,0.7391847302171586,22,60.70312499999335,,0.0
0.2,generator_15_sustained,generator,15,bounded,rate_a,68412.38977100872,4.547473508864641e-13,0.6498535385871088,22,60.70312499999335,,0.0
0.2,generator_16_sustained,generator,16,bounded,rate_a,64925.75174033972,3.979039320256561e-13,0.7306393065441785,22,60.70312499999335,,0.0
0.2,generator_17_sustained,generator,17,bounded,rate_a,66659.16591352821,3.410605131648481e-13,0.6896214878290359,22,60.70312499999335,,0.0
0.2,generator_18_sustained,generator,18,bounded,rate_a,64967.09041318468,3.979039320256561e-13,0.7342924699592083,22,60.70312499999335,,0.0
0.2,generator_19_sustained,generator,19,bounded,rate_a,68411.97363733735,4.547473508864641e-13,0.6498535385871088,22,60.70312499999335,,0.0
0.2,generator_20_sustained,generator,20,bounded,rate_a,70906.59325351223,3.410605131648481e-13,0.6204128429348477,22,60.70312499999335,,0.0
0.2,generator_21_sustained,generator,21,bounded,rate_a,71424.388096952,4.263256414560601e-13,0.6458491666226933,27,60.70312499999335,,0.0
0.2,generator_22_sustained,generator,22,bounded,rate_a,80386.78963847217,4.547473508864641e-13,0.7301339285714378,10,60.70312499999335,,0.0
0.2,generator_23_sustained,generator,23,bounded,rate_a,80386.78963847224,1.0373923942097463e-12,0.7301339285714451,10,60.70312499999335,,0.0
0.2,generator_24_sustained,generator,24,bounded,rate_a,69275.77455919635,7.389644451905042e-13,0.6522782194577095,22,60.70312499999335,,0.0
0.2,generator_25_sustained,generator,25,bounded,rate_a,69275.77455919635,7.389644451905042e-13,0.6522782194577095,22,60.70312499999335,,0.0
0.2,generator_26_sustained,generator,26,bounded,rate_a,68249.92378455213,4.263256414560601e-13,0.69905130382721,22,60.70312499999335,,0.0
0.2,generator_27_sustained,generator,27,bounded,rate_a,69275.33756322315,7.389644451905042e-13,0.6522782194577095,22,60.70312499999335,,0.0
0.2,generator_28_sustained,generator,28,bounded,rate_a,70406.3830495681,3.069544618483633e-12,0.6269199104862919,22,60.70312499999335,,0.0
0.2,generator_29_sustained,generator,29,bounded,rate_a,69910.85215859812,2.8421709430404007e-13,0.6525537399895232,22,60.70312499999335,,0.0
0.2,generator_30_sustained,generator,30,bounded,rate_a,71665.57119439228,2.5579538487363607e-12,0.6759127511145978,22,60.70312499999335,,0.0
0.2,generator_31_sustained,generator,31,bounded,rate_a,70708.06655911221,3.694822225952521e-13,0.6749058975896582,22,60.70312499999335,,0.0
0.2,generator_32_sustained,generator,32,bounded,rate_a,74636.07728847218,3.410605131648481e-13,0.654617779637089,27,39.400000000000034,,0.0
0.5,base,base,,base,rate_a,61001.24495582477,1.1368683772161603e-12,0.7322313864735112,22,0.0,,
0.5,branch_0_immediate,branch,0,fixed,rate_c,61001.24495582477,7.958078640513122e-13,0.5869465779708776,22,0.0,-0.0,
0.5,branch_0_sustained,branch,0,bounded,rate_a,68428.06331589559,2.2737367544323206e-13,0.7011718337875411,11,98.5,-0.0,
0.5,branch_1_immediate,branch,1,fixed,rate_c,61001.24495582477,6.252776074688882e-13,0.5873951457173636,22,0.0,-0.0,
0.5,branch_1_sustained,branch,1,bounded,rate_a,68428.06331589556,1.8189894035458565e-12,0.724184206201695,11,98.5,-0.0,
0.5,branch_2_immediate,branch,2,fixed,rate_c,61001.24495582477,1.7053025658242404e-12,0.5950782335859857,22,0.0,-0.0,
0.5,branch_2_sustained,branch,2,bounded,rate_a,66479.7595106,3.694822225952521e-13,0.7565916676236469,22,98.5,-0.0,
0.5,branch_3_immediate,branch,3,fixed,rate_c,61001.24495582477,1.2505552149377763e-12,0.5878027271982413,22,0.0,-0.0,
0.5,branch_3_sustained,branch,3,bounded,rate_a,66480.11236790103,2.8421709430404007e-13,0.7525950867914555,22,98.5,-0.0,
0.5,branch_4_immediate,branch,4,fixed,rate_c,61001.24495582477,3.637978807091713e-12,0.68,9,0.0,-0.0,
0.5,branch_4_sustained,branch,4,bounded,rate_a,66182.45862259997,7.389644451905042e-13,0.7771428571428571,9,98.5,-0.0,
0.5,branch_5_immediate,branch,5,fixed,rate_c,61001.24495582477,6.821210263296962e-13,0.600227765262545,22,0.0,-0.0,
0.5,branch_5_sustained,branch,5,bounded,rate_a,66359.58817332603,1.2789769243681803e-12,0.7583867105416907,22,98.5,-0.0,
0.5,branch_6_immediate,branch,6,fixed,rate_c,61001.24495582477,1.0231815394945443e-12,0.7703223228619709,22,0.0,-0.0,
0.5,branch_6_sustained,branch,6,bounded,rate_a,69260.8881023831,7.389644451905042e-13,0.9487513723793469,22,98.5,-0.0,
0.5,branch_7_immediate,branch,7,fixed,rate_c,61001.24495582477,8.810729923425242e-13,0.5843480117394023,22,0.0,-0.0,
0.5,branch_7_sustained,branch,7,bounded,rate_a,67875.84991157058,3.410605131648481e-13,0.7607357264342441,9,98.5,-0.0,
0.5,branch_8_immediate,branch,8,fixed,rate_c,61001.24495582477,1.5614176618328202e-12,0.5856097947941714,22,0.0,-0.0,
0.5,branch_8_sustained,branch,8,bounded,rate_a,66182.67368146348,1.5347723092418164e-12,0.7493137598708547,9,98.5,-0.0,
0.5,branch_9_immediate,branch,9,fixed,rate_c,61001.24495582477,9.094947017729282e-13,0.6181818181818182,4,0.0,-0.0,
0.5,branch_9_sustained,branch,9,bounded,rate_a,68240.94060414175,3.979039320256561e-13,0.7771428571428571,4,98.5,-0.0,
0.5,branch_11_immediate,branch,11,fixed,rate_c,61001.24495582477,5.684341886080801e-13,0.5895439070791058,22,0.0,-0.0,
0.5,branch_11_sustained,branch,11,bounded,rate_a,68908.36779510419,9.094947017729282e-13,1.0,12,98.5,-0.0,
0.5,branch_12_immediate,branch,12,fixed,rate_c,61001.24495582477,8.526512829121202e-13,0.5830771091969459,22,0.0,-0.0,
0.5,branch_12_sustained,branch,12,bounded,rate_a,68908.36779510415,5.684341886080801e-13,1.0,11,98.5,-0.0,
0.5,branch_13_immediate,branch,13,fixed,rate_c,61001.24495582477,5.044853423896711e-13,0.5378896681977702,22,0.0,-0.0,
0.5,branch_13_sustained,branch,13,bounded,rate_a,69849.52588671166,1.7621459846850485e-12,0.6989931661521999,9,98.5,-0.0,
0.5,branch_14_immediate,branch,14,fixed,rate_c,61001.24495582477,2.1600499167107046e-12,0.5989777192566754,22,0.0,-0.0,
0.5,branch_14_sustained,branch,14,bounded,rate_a,67875.84991157059,8.526512829121202e-13,0.7707346998948261,16,98.5,-0.0,
0.5,branch_15_immediate,branch,15,fixed,rate_c,61001.24495582477,7.958078640513122e-13,0.5313707636418238,22,0.0,-0.0,
0.5,branch_15_sustained,branch,15,bounded,rate_a,68428.06331589559,8.810729923425242e-13,0.9099835805903255,11,98.5,-0.0,
0.5,branch_16_immediate,branch,16,fixed,rate_c,61001.24495582477,1.4779288903810084e-12,0.6192468316864782,22,0.0,-0.0,
0.5,branch_16_sustained,branch,16,bounded,rate_a,67875.84991157058,5.684341886080801e-13,0.9310065419453679,11,98.5,-0.0,
0.5,branch_17_immediate,branch,17,fixed,rate_c,61001.24495582477,6.821210263296962e-13,0.6471925368260729,22,0.0,-0.0,
0.5,branch_17_sustained,branch,17,bounded,rate_a,68151.65630173309,1.3073986337985843e-12,0.8649284709960988,22,98.5,-0.0,
0.5,branch_18_immediate,branch,18,fixed,rate_c,61001.24495582477,1.1368683772161603e-12,0.4972357343264281,27,0.0,-0.0,
0.5,branch_18_sustained,branch,18,bounded,rate_a,69730.89474507059,1.0231815394945443e-12,0.7142080469011607,11,98.5,-0.0,
0.5,branch_19_immediate,branch,19,fixed,rate_c,61001.24495582477,2.9558577807620168e-12,0.5764377611716184,22,0.0,-0.0,
0.5,branch_19_sustained,branch,19,bounded,rate_a,70038.89803964176,1.1937117960769683e-12,0.7040193958778059,11,98.5,-0.0,
0.5,branch_20_immediate,branch,20,fixed,rate_c,61001.24495582477,1.4779288903810084e-12,0.6932542639170449,22,0.0,-0.0,
0.5,branch_20_sustained,branch,20,bounded,rate_a,66299.8302578,1.3642420526593924e-12,0.8809763384071432,22,98.5,-0.0,
0.5,branch_21_immediate,branch,21,fixed,rate_c,61001.24495582477,1.2363443602225743e-12,0.7111338821493739,22,0.0,-0.0,
0.5,branch_21_sustained,branch,21,bounded,rate_a,69783.15038372924,2.2737367544323206e-13,0.7843311938407468,22,98.5,-0.0,
0.5,branch_22_immediate,branch,22,fixed,rate_c,61001.24495582477,6.139089236967266e-12,0.573811687742542,21,0.0,-0.0,
0.5,branch_22_sustained,branch,22,bounded,rate_a,69783.15038372925,7.958078640513122e-13,0.8229866051106924,6,98.5,-0.0,
0.5,branch_23_immediate,branch,23,fixed,rate_c,61001.24495582477,9.094947017729282e-13,0.6189027032548079,27,0.0,-0.0,
0.5,branch_23_sustained,branch,23,bounded,rate_a,68705.07095405812,1.1368683772161603e-12,0.705795330032045,11,98.5,-0.0,
0.5,branch_24_immediate,branch,24,fixed,rate_c,61001.24495582477,4.547473508864641e-13,0.6655508894714685,27,0.0,-0.0,
0.5,branch_24_sustained,branch,24,bounded,rate_a,68802.8384403206,1.0231815394945443e-12,0.8096844763938309,27,98.5,-0.0,
0.5,branch_25_immediate,branch,25,fixed,rate_c,61001.24495582477,4.547473508864641e-13,0.6655508894714685,27,0.0,-0.0,
0.5,branch_25_sustained,branch,25,bounded,rate_a,69783.15038372927,1.7692514120426495e-12,0.8051514770142557,27,98.5,-0.0,
0.5,branch_26_immediate,branch,26,fixed,rate_c,61001.24495582477,2.7000623958883807e-12,0.7703223228619679,22,0.0,-0.0,
0.5,branch_26_sustained,branch,26,bounded,rate_a,66247.22908148488,1.1368683772161603e-12,1.0,22,98.5,-0.0,
0.5,branch_27_immediate,branch,27,fixed,rate_c,61001.24495582477,2.9274360713316128e-12,0.6169750701057426,23,0.0,-0.0,
0.5,branch_27_sustained,branch,27,bounded,rate_a,66479.75951060002,3.410605131648481e-13,0.767,24,98.5,-0.0,
0.5,branch_28_immediate,branch,28,fixed,rate_c,61001.24495582477,8.100187187665142e-13,0.6928872625849625,22,0.0,-0.0,
0.5,branch_28_sustained,branch,28,bounded,rate_a,67875.8499115706,6.252776074688882e-13,0.7513271652363216,22,98.5,-0.0,
0.5,branch_29_immediate,branch,29,fixed,rate_c,61001.24495582477,1.8189894035458565e-12,0.5795784611442518,22,0.0,-0.0,
0.5,branch_29_sustained,branch,29,bounded,rate_a,67875.84991157055,2.5011104298755527e-12,0.7061852209838507,11,98.5,-0.0,
0.5,branch_30_immediate,branch,30,fixed,rate_c,61001.24495582477,1.2505552149377763e-12,0.5838269033887621,22,0.0,-0.0,
0.5,branch_30_sustained,branch,30,bounded,rate_a,69260.88810238308,1.2505552149377763e-12,0.7049658606926569,11,98.5,-0.0,
0.5,branch_31_immediate,branch,31,fixed,rate_c,61001.24495582477,3.751665644813329e-12,0.5852149896431889,22,0.0,-0.0,
0.5,branch_31_sustained,branch,31,bounded,rate_a,66182.67368146386,4.121147867408581e-12,0.728787056359214,22,98.5,-0.0,
0.5,branch_32_immediate,branch,32,fixed,rate_c,61001.24495582477,8.526512829121202e-13,0.5852149896431909,22,0.0,-0.0,
0.5,branch_32_sustained,branch,32,bounded,rate_a,66300.10043603877,5.4001247917767614e-12,0.7379098144798706,22,98.5,-0.0,
0.5,branch_33_immediate,branch,33,fixed,rate_c,61001.24495582477,7.958078640513122e-13,0.5757950874252783,22,0.0,-0.0,
0.5,branch_33_sustained,branch,33,bounded,rate_a,66182.67368146394,6.0254023992456496e-12,0.7128224963821607,22,98.5,-0.0,
0.5,branch_34_immediate,branch,34,fixed,rate_c,61001.24495582477,3.552713678800501e-13,0.5757950874252785,22,0.0,-0.0,
0.5,branch_34_sustained,branch,34,bounded,rate_a,66182.67368146381,3.240074875066057e-12,0.7128224963821608,22,98.5,-0.0,
0.5,branch_35_immediate,branch,35,fixed,rate_c,61001.24495582477,6.821210263296962e-13,0.5718636371569683,22,0.0,-0.0,
0.5,branch_35_sustained,branch,35,bounded,rate_a,66182.45862260005,1.0942358130705543e-12,0.7096935138976674,22,98.5,-0.0,
0.5,branch_36_immediate,branch,36,fixed,rate_c,61001.24495582477,6.821210263296962e-13,0.5718636371569683,22,0.0,-0.0,
0.5,branch_36_sustained,branch,36,bounded,rate_a,66182.67368146358,1.0942358130705543e-12,0.7096935138976674,22,98.5,-0.0,
0.5,branch_37_immediate,branch,37,fixed,rate_c,61001.24495582477,1.0231815394945443e-12,0.5879958690299798,22,0.0,-0.0,
0.5,branch_37_sustained,branch,37,bounded,rate_a,66241.12893875098,5.684341886080801e-13,0.7368093441704971,22,98.5,-0.0,
0.5,generator_0_sustained,generator,0,bounded,rate_a,65624.3912820706,6.252776074688882e-13,0.7068649746814338,11,98.5,,0.0
0.5,generator_1_sustained,generator,1,bounded,rate_a,64683.19010082596,8.384404281969182e-13,0.7424968066179412,22,98.5,,0.0
0.5,generator_2_sustained,generator,2,bounded,rate_a,67375.63920979993,1.0231815394945443e-12,0.7370086706602698,22,98.5,,0.0
0.5,generator_3_sustained,generator,3,bounded,rate_a,67264.847128776,1.0942358130705543e-12,0.727875762122696,22,98.5,,0.0
0.5,generator_4_sustained,generator,4,bounded,rate_a,64683.190100825974,5.826450433232822e-13,0.7426160795098665,22,98.5,,0.0
0.5,generator_5_sustained,generator,5,bounded,rate_a,64800.68165059995,6.821210263296962e-13,0.7517489880474403,22,98.5,,0.0
0.5,generator_6_sustained,generator,6,bounded,rate_a,70378.41387415423,9.663381206337363e-13,0.7020390864837389,11,98.5,,0.0
0.5,generator_7_sustained,generator,7,bounded,rate_a,67488.53676499994,5.115907697472721e-13,0.7464248523161662,22,98.5,,0.0
0.5,generator_8_sustained,generator,8,bounded,rate_a,68829.3162765855,1.7053025658242404e-13,0.7710897700207259,11,98.5,,0.0
0.5,generator_9_sustained,generator,9,bounded,rate_a,65654.58435400727,5.684341886080801e-13,0.7791967560810739,11,98.5,,0.0
0.5,generator_10_sustained,generator,10,bounded,rate_a,67253.56613797678,1.7053025658242404e-12,0.7763713145663649,11,98.5,,0.0
0.5,generator_11_sustained,generator,11,bounded,rate_a,64356.21150119805,6.252776074688882e-13,0.7560070336062739,22,98.5,,0.0
0.5,generator_12_sustained,generator,12,bounded,rate_a,64099.95473328553,9.094947017729282e-13,0.7514510134995812,22,98.5,,0.0
0.5,generator_13_sustained,generator,13,bounded,rate_a,64345.39648259992,6.821210263296962e-13,0.7560627925245397,22,98.5,,0.0
0.5,generator_15_sustained,generator,15,bounded,rate_a,70113.07096662925,5.968558980384842e-13,0.7012019078475167,11,98.5,,0.0
0.5,generator_16_sustained,generator,16,bounded,rate_a,66315.7641968185,3.410605131648481e-13,0.7459069931347658,22,98.5,,0.0
0.5,generator_17_sustained,generator,17,bounded,rate_a,66894.92461378095,2.4797941478027496e-12,0.7416160593977922,22,98.5,,0.0
0.5,generator_18_sustained,generator,18,bounded,rate_a,66955.4104150685,4.547473508864641e-13,0.7461825136665794,22,98.5,,0.0
0.5,generator_19_sustained,generator,19,bounded,rate_a,69856.71237631675,3.979039320256561e-13,0.7003286953464329,11,98.5,,0.0
0.5,generator_20_sustained,generator,20,bounded,rate_a,70138.20943065111,3.410605131648481e-13,0.6929807218978807,11,98.5,,0.0
0.5,generator_21_sustained,generator,21,bounded,rate_a,71034.58602040114,6.252776074688882e-13,0.6943761451623454,11,98.5,,0.0
0.5,generator_22_sustained,generator,22,bounded,rate_a,80710.70806812945,2.2737367544323206e-13,0.6010267857142277,10,98.5,,0.0
0.5,generator_23_sustained,generator,23,bounded,rate_a,80710.70806812945,2.8421709430404007e-13,0.6010267857142277,10,98.5,,0.0
0.5,generator_24_sustained,generator,24,bounded,rate_a,69966.32459769558,3.410605131648481e-13,0.7046390657399011,11,98.5,,0.0
0.5,generator_25_sustained,generator,25,bounded,rate_a,70922.04509101676,8.526512829121202e-13,0.6936816399372161,11,98.5,,0.0
0.5,generator_26_sustained,generator,26,bounded,rate_a,68996.91951059997,4.547473508864641e-13,0.7131301790322263,22,98.5,,0.0
0.5,generator_27_sustained,generator,27,bounded,rate_a,71432.52217884177,9.663381206337363e-13,0.6949094165455709,11,98.5,,0.0
0.5,generator_28_sustained,generator,28,bounded,rate_a,68877.11359704558,3.410605131648481e-13,0.7046390657399011,11,98.5,,0.0
0.5,generator_29_sustained,generator,29,bounded,rate_a,70668.33388310426,5.684341886080801e-13,0.6923862172624905,11,98.5,,0.0
0.5,generator_30_sustained,generator,30,bounded,rate_a,71034.5860204011,7.105427357601002e-13,0.6981578006121538,11,98.5,,0.0
0.5,generator_31_sustained,generator,31,bounded,rate_a,71034.58602040113,4.547473508864641e-13,0.6977355904385121,11,98.5,,0.0
0.5,generator_32_sustained,generator,32,bounded,rate_a,74932.85729312945,2.8421709430404007e-13,0.6594755902833411,27,98.5,,0.0
1.0,base,base,,base,rate_a,61001.244955824804,1.7053025658242404e-12,0.7322313864735112,22,0.0,,
1.0,branch_0_immediate,branch,0,fixed,rate_c,61001.244955824804,1.7621459846850485e-12,0.5869465779708771,22,0.0,-0.0,
1.0,branch_0_sustained,branch,0,bounded,rate_a,72389.76886760001,4.547473508864641e-13,0.8100444896619015,9,121.000000000001,-0.0,
1.0,branch_1_immediate,branch,1,fixed,rate_c,61001.244955824804,2.1600499167107046e-12,0.587395145717363,22,0.0,-0.0,
1.0,branch_1_sustained,branch,1,bounded,rate_a,70128.98691559999,2.8421709430404007e-13,0.8354847461296911,9,121.000000000001,-0.0,
1.0,branch_2_immediate,branch,2,fixed,rate_c,61001.244955824804,1.4210854715202004e-12,0.5950782335859867,22,0.0,-0.0,
1.0,branch_2_sustained,branch,2,bounded,rate_a,69804.57500552002,4.547473508864641e-13,0.7622812267529699,22,121.000000000001,-0.0,
1.0,branch_3_immediate,branch,3,fixed,rate_c,61001.244955824804,1.4495071809506044e-12,0.5878027271982419,22,0.0,-0.0,
1.0,branch_3_sustained,branch,3,bounded,rate_a,70128.98691560002,2.3305801732931286e-12,0.7838191027240208,9,121.000000000001,-0.0,
1.0,branch_4_immediate,branch,4,fixed,rate_c,61001.244955824804,1.3073986337985843e-12,0.68,9,0.0,-0.0,
1.0,branch_4_sustained,branch,4,bounded,rate_a,70128.9869156,1.3642420526593924e-12,0.7771428571428571,9,121.000000000001,-0.0,
1.0,branch_5_immediate,branch,5,fixed,rate_c,61001.244955824804,2.7569058147491887e-12,0.6002277652625445,22,0.0,-0.0,
1.0,branch_5_sustained,branch,5,bounded,rate_a,72389.76886760001,3.410605131648481e-13,0.7454029776874234,9,121.000000000001,-0.0,
1.0,branch_6_immediate,branch,6,fixed,rate_c,61001.244955824804,1.0231815394945443e-12,0.7703223228619696,22,0.0,-0.0,
1.0,branch_6_sustained,branch,6,bounded,rate_a,72491.13571604,5.755396159656812e-13,0.9506786228437002,22,121.000000000001,-0.0,
1.0,branch_7_immediate,branch,7,fixed,rate_c,61001.244955824804,1.1937117960769683e-12,0.5843480117394023,22,0.0,-0.0,
1.0,branch_7_sustained,branch,7,bounded,rate_a,70128.98691560002,9.379164112033322e-13,0.9054342056743218,9,121.000000000001,-0.0,
1.0,branch_8_immediate,branch,8,fixed,rate_c,61001.244955824804,8.526512829121202e-13,0.5856097947941715,22,0.0,-0.0,
1.0,branch_8_sustained,branch,8,bounded,rate_a,70128.9869156,7.389644451905042e-13,0.927683084789883,9,121.000000000001,-0.0,
1.0,branch_9_immediate,branch,9,fixed,rate_c,61001.244955824804,1.1652900866465643e-12,0.6181818181818182,4,0.0,-0.0,
1.0,branch_9_sustained,branch,9,bounded,rate_a,70128.98691559999,1.3642420526593924e-12,0.8022345792922118,8,121.000000000001,-0.0,
1.0,branch_11_immediate,branch,11,fixed,rate_c,61001.244955824804,1.4210854715202004e-12,0.589543907079106,22,0.0,-0.0,
1.0,branch_11_sustained,branch,11,bounded,rate_a,71716.34659880001,1.1937117960769683e-12,1.0,12,121.000000000001,-0.0,
1.0,branch_12_immediate,branch,12,fixed,rate_c,61001.244955824804,7.958078640513122e-13,0.583077109196946,22,0.0,-0.0,
1.0,branch_12_sustained,branch,12,bounded,rate_a,71716.34659880001,9.663381206337363e-13,1.0,11,121.000000000001,-0.0,
1.0,branch_13_immediate,branch,13,fixed,rate_c,61001.244955824804,4.973799150320701e-13,0.5378896681977696,22,0.0,-0.0,
1.0,branch_13_sustained,branch,13,bounded,rate_a,70128.9869156,9.023892744153272e-13,0.8211108959212968,9,121.000000000001,-0.0,
1.0,branch_14_immediate,branch,14,fixed,rate_c,61001.244955824804,1.0231815394945443e-12,0.5989777192566748,22,0.0,-0.0,
1.0,branch_14_sustained,branch,14,bounded,rate_a,70128.9869156,3.765876499528531e-13,0.8406650048574865,16,121.000000000001,-0.0,
1.0,branch_15_immediate,branch,15,fixed,rate_c,61001.244955824804,1.5205614545266144e-12,0.5313707636418239,22,0.0,-0.0,
1.0,branch_15_sustained,branch,15,bounded,rate_a,72389.76886760001,5.897504706808832e-13,0.9917586836106735,16,121.000000000001,-0.0,
1.0,branch_16_immediate,branch,16,fixed,rate_c,61001.244955824804,1.1084466677857563e-12,0.619246831686477,22,0.0,-0.0,
1.0,branch_16_sustained,branch,16,bounded,rate_a,72389.76886760001,7.673861546209082e-13,0.9739335065746273,15,121.000000000001,-0.0,
1.0,branch_17_immediate,branch,17,fixed,rate_c,61001.244955824804,2.7000623958883807e-12,0.6471925368260724,22,0.0,-0.0,
1.0,branch_17_sustained,branch,17,bounded,rate_a,72491.13571604,5.329070518200751e-13,0.8744465777070559,22,121.000000000001,-0.0,
1.0,branch_18_immediate,branch,18,fixed,rate_c,61001.244955824804,2.8990143619012088e-12,0.4972357343264267,27,0.0,-0.0,
1.0,branch_18_sustained,branch,18,bounded,rate_a,71614.71096732002,9.663381206337363e-13,0.6973058409648791,11,121.000000000001,-0.0,
1.0,branch_19_immediate,branch,19,fixed,rate_c,61001.244955824804,1.2505552149377763e-12,0.5764377611716186,22,0.0,-0.0,
1.0,branch_19_sustained,branch,19,bounded,rate_a,69804.57500552,7.389644451905042e-13,0.7374097288399699,9,121.000000000001,-0.0,
1.0,branch_20_immediate,branch,20,fixed,rate_c,61001.244955824804,1.0516032489249483e-12,0.6932542639170438,22,0.0,-0.0,
1.0,branch_20_sustained,branch,20,bounded,rate_a,70128.98691559998,2.0463630789890885e-12,0.8505674855809048,22,121.000000000001,-0.0,
1.0,branch_21_immediate,branch,21,fixed,rate_c,61001.244955824804,1.7053025658242404e-12,0.7111338821493719,22,0.0,-0.0,
1.0,branch_21_sustained,branch,21,bounded,rate_a,70128.9869156,4.476419235288631e-13,0.8182407349059398,22,121.000000000001,-0.0,
1.0,branch_22_immediate,branch,22,fixed,rate_c,61001.244955824804,3.637978807091713e-12,0.5738116877425401,21,0.0,-0.0,
1.0,branch_22_sustained,branch,22,bounded,rate_a,70128.98691559999,4.547473508864641e-13,0.9073771159127992,6,121.000000000001,-0.0,
1.0,branch_23_immediate,branch,23,fixed,rate_c,61001.244955824804,9.094947017729282e-13,0.6189027032548081,27,0.0,-0.0,
1.0,branch_23_sustained,branch,23,bounded,rate_a,72389.76886760003,1.7621459846850485e-12,0.7809272114956752,27,121.000000000001,-0.0,
1.0,branch_24_immediate,branch,24,fixed,rate_c,61001.244955824804,2.5011104298755527e-12,0.6655508894714695,27,0.0,-0.0,
1.0,branch_24_sustained,branch,24,bounded,rate_a,70128.98691559999,1.4210854715202004e-12,0.8130904444404068,27,121.000000000001,-0.0,
1.0,branch_25_immediate,branch,25,fixed,rate_c,61001.244955824804,6.821210263296962e-13,0.665550889471469,27,0.0,-0.0,
1.0,branch_25_sustained,branch,25,bounded,rate_a,70128.98691559999,1.4210854715202004e-12,0.8130904444404068,27,121.000000000001,-0.0,
1.0,branch_26_immediate,branch,26,fixed,rate_c,61001.244955824804,2.3874235921539366e-12,0.7703223228619687,22,0.0,-0.0,
1.0,branch_26_sustained,branch,26,bounded,rate_a,69478.26280236345,7.958078640513122e-13,1.0,22,121.000000000001,-0.0,
1.0,branch_27_immediate,branch,27,fixed,rate_c,61001.244955824804,1.0089706847793423e-12,0.6169750701057423,23,0.0,-0.0,
1.0,branch_27_sustained,branch,27,bounded,rate_a,73083.98317304,1.4779288903810084e-12,0.742743124170674,9,121.000000000001,-0.0,
1.0,branch_28_immediate,branch,28,fixed,rate_c,61001.244955824804,6.821210263296962e-13,0.692887262584961,22,0.0,-0.0,
1.0,branch_28_sustained,branch,28,bounded,rate_a,70128.98691559999,4.547473508864641e-13,0.7678669846345294,22,121.000000000001,-0.0,
1.0,branch_29_immediate,branch,29,fixed,rate_c,61001.244955824804,1.0516032489249483e-12,0.5795784611442522,22,0.0,-0.0,
1.0,branch_29_sustained,branch,29,bounded,rate_a,70128.98691559999,2.8421709430404007e-13,0.748979925582968,9,121.000000000001,-0.0,
1.0,branch_30_immediate,branch,30,fixed,rate_c,61001.244955824804,9.663381206337363e-13,0.5838269033887622,22,0.0,-0.0,
1.0,branch_30_sustained,branch,30,bounded,rate_a,70128.98691559999,7.389644451905042e-13,0.7517185046336139,9,121.000000000001,-0.0,
1.0,branch_31_immediate,branch,31,fixed,rate_c,61001.244955824804,1.0800249583553523e-12,0.5852149896431903,22,0.0,-0.0,
1.0,branch_31_sustained,branch,31,bounded,rate_a,70128.98691559999,4.547473508864641e-13,0.7527103427947035,9,121.000000000001,-0.0,
1.0,branch_32_immediate,branch,32,fixed,rate_c,61001.244955824804,1.0800249583553523e-12,0.5852149896431903,22,0.0,-0.0,
1.0,branch_32_sustained,branch,32,bounded,rate_a,70128.98691559999,4.547473508864641e-13,0.7527103427947035,9,121.000000000001,-0.0,
1.0,branch_33_immediate,branch,33,fixed,rate_c,61001.244955824804,1.9042545318370685e-12,0.5757950874252772,22,0.0,-0.0,
1.0,branch_33_sustained,branch,33,bounded,rate_a,70128.98691560002,7.247535904753022e-13,0.7553262692761247,9,121.000000000001,-0.0,
1.0,branch_34_immediate,branch,34,fixed,rate_c,61001.244955824804,1.9042545318370685e-12,0.5757950874252772,22,0.0,-0.0,
1.0,branch_34_sustained,branch,34,bounded,rate_a,70128.98691560002,7.247535904753022e-13,0.7553262692761247,9,121.000000000001,-0.0,
1.0,branch_35_immediate,branch,35,fixed,rate_c,61001.244955824804,1.8758328224066645e-12,0.5718636371569676,22,0.0,-0.0,
1.0,branch_35_sustained,branch,35,bounded,rate_a,70128.98691559999,2.8421709430404007e-13,0.7555327006652142,9,121.000000000001,-0.0,
1.0,branch_36_immediate,branch,36,fixed,rate_c,61001.244955824804,1.8758328224066645e-12,0.5718636371569676,22,0.0,-0.0,
1.0,branch_36_sustained,branch,36,bounded,rate_a,70128.98691559999,2.8421709430404007e-13,0.7555327006652142,9,121.000000000001,-0.0,
1.0,branch_37_immediate,branch,37,fixed,rate_c,61001.244955824804,6.536993168992922e-13,0.58799586902998,22,0.0,-0.0,
1.0,branch_37_sustained,branch,37,bounded,rate_a,70128.98691559999,7.389644451905042e-13,0.7546353205657702,9,121.000000000001,-0.0,
1.0,generator_0_sustained,generator,0,bounded,rate_a,67883.94036440003,1.3642420526593924e-12,0.7692099496308981,9,121.000000000001,,0.0
1.0,generator_1_sustained,generator,1,bounded,rate_a,67883.9403644,6.821210263296962e-13,0.7692099496308986,9,121.000000000001,,0.0
1.0,generator_2_sustained,generator,2,bounded,rate_a,72141.34352616001,5.684341886080801e-13,0.7668796670878452,9,121.000000000001,,0.0
1.0,generator_3_sustained,generator,3,bounded,rate_a,69892.73422056001,1.1084466677857563e-12,0.7684030857101698,9,121.000000000001,,0.0
1.0,generator_4_sustained,generator,4,bounded,rate_a,70131.9090044,5.115907697472721e-13,0.7703062635273104,9,121.000000000001,,0.0
1.0,generator_5_sustained,generator,5,bounded,rate_a,67883.94036440003,7.958078640513122e-13,0.7718077624572272,9,121.000000000001,,0.0
1.0,generator_6_sustained,generator,6,bounded,rate_a,72298.21736372002,5.115907697472721e-13,0.715302328178023,9,121.000000000001,,0.0
1.0,generator_7_sustained,generator,7,bounded,rate_a,70112.15351623995,9.094947017729282e-13,0.7647876549602877,9,121.000000000001,,0.0
1.0,generator_8_sustained,generator,8,bounded,rate_a,70833.83143760005,3.836930773104541e-12,0.7885787495613648,11,121.000000000001,,0.0
1.0,generator_9_sustained,generator,9,bounded,rate_a,68689.58475112,5.044853423896711e-13,0.7880154037136053,11,121.000000000001,,0.0
1.0,generator_10_sustained,generator,10,bounded,rate_a,72779.18964902006,5.400124791776761e-13,0.7550826059188621,9,121.000000000001,,0.0
1.0,generator_11_sustained,generator,11,bounded,rate_a,65437.07385936022,1.3073986337985843e-12,0.7668648665021257,22,121.000000000001,,0.0
1.0,generator_12_sustained,generator,12,bounded,rate_a,65437.07385936022,1.3073986337985843e-12,0.7668648665021257,22,121.000000000001,,0.0
1.0,generator_13_sustained,generator,13,bounded,rate_a,65437.07385936022,1.3073986337985843e-12,0.7668648665021257,22,121.000000000001,,0.0
1.0,generator_15_sustained,generator,15,bounded,rate_a,69940.02993192001,4.320099833421409e-12,0.7530726712163006,9,121.000000000001,,0.0
1.0,generator_16_sustained,generator,16,bounded,rate_a,71744.04270120004,3.893774191965349e-12,0.7514615738243494,9,121.000000000001,,0.0
1.0,generator_17_sustained,generator,17,bounded,rate_a,69940.02993192001,4.320099833421409e-12,0.7530726712163006,9,121.000000000001,,0.0
1.0,generator_18_sustained,generator,18,bounded,rate_a,71744.04270120004,3.893774191965349e-12,0.7514615738243494,9,121.000000000001,,0.0
1.0,generator_19_sustained,generator,19,bounded,rate_a,69940.02993192001,4.320099833421409e-12,0.7530726712163006,9,121.000000000001,,0.0
1.0,generator_20_sustained,generator,20,bounded,rate_a,72355.54222167999,2.8421709430404007e-13,0.7025843590211023,11,121.000000000001,,0.0
1.0,generator_21_sustained,generator,21,bounded,rate_a,72355.54222167999,2.8421709430404007e-13,0.7044908788115549,11,121.000000000001,,0.0
1.0,generator_22_sustained,generator,22,bounded,rate_a,81012.78099799983,1.7763568394002505e-12,0.4989623692931165,17,121.000000000001,,0.0
1.0,generator_23_sustained,generator,23,bounded,rate_a,81012.78099799997,1.4210854715202004e-12,0.49914598110872616,17,121.000000000001,,0.0
1.0,generator_24_sustained,generator,24,bounded,rate_a,73100.22750760004,1.3926637620897964e-12,0.7518780757768156,9,121.000000000001,,0.0
1.0,generator_25_sustained,generator,25,bounded,rate_a,71973.98725854012,4.831690603168681e-13,0.6965048917375904,11,121.000000000001,,0.0
1.0,generator_26_sustained,generator,26,bounded,rate_a,73100.22750760004,1.3926637620897964e-12,0.7518780757768156,9,121.000000000001,,0.0
1.0,generator_27_sustained,generator,27,bounded,rate_a,72128.98344488005,2.9558577807620168e-12,0.75244798777941,9,121.000000000001,,0.0
1.0,generator_28_sustained,generator,28,bounded,rate_a,73100.22750760004,1.3926637620897964e-12,0.7518780757768156,9,121.000000000001,,0.0
1.0,generator_29_sustained,generator,29,bounded,rate_a,72128.98344487927,1.4438228390645236e-11,0.7524479877794126,9,121.000000000001,,0.0
1.0,generator_30_sustained,generator,30,bounded,rate_a,72355.54222167999,6.821210263296962e-13,0.7078503240877214,11,121.000000000001,,0.0
1.0,generator_31_sustained,generator,31,bounded,rate_a,72355.54222167999,6.821210263296962e-13,0.7078503240877214,11,121.000000000001,,0.0
1.0,generator_32_sustained,generator,32,bounded,rate_a,75247.62499799998,3.410605131648481e-13,0.6623179858718804,27,121.000000000001,,0.0
