redispatch_fraction_pmax,state,kind,element_index,response_mode,branch_rating,evaluated,converged,secure,status,max_voltage_violation_pu,min_voltage_pu,max_branch_loading_fraction,max_loaded_branch_index,max_active_power_violation_mw,max_reactive_power_violation_mvar,max_target_deviation_mw,max_reference_redispatch_mw,total_up_redispatch_mw,total_down_redispatch_mw,ac_losses_mw,minimum_deviation_solved,economic_seed_used,dc_max_balance_residual_mw,remedial_action,remedial_parameter_status,post_remediation_secure,post_remediation_status,post_remediation_min_voltage_pu,post_remediation_max_loading_fraction
0.1,base,base,,base,rate_a,True,True,True,secure,0.0,1.012535022528632,0.9579061482694786,9,0.0,0.0,1.0683048009031921,1.0683048009031921,33.28834668783408,0.0,33.28834668783293,True,True,1.7621459846850485e-12,,,True,secure,1.012535022528632,0.9579061482694786
0.1,branch_0_immediate,branch,0,fixed,rate_c,True,True,True,secure,0.0,1.0106274701906692,0.8420439785869952,9,0.0,0.0,0.0013664049769737119,0.0013664049769737119,0.04253242891544584,0.0,33.33087911674829,True,True,1.3073986337985843e-12,,,True,secure,1.0106274701906692,0.8420439785869952
0.1,branch_0_sustained,branch,0,bounded,rate_a,True,True,True,secure,0.0,1.0094856492315742,0.9736332298325078,9,0.0,0.0,1.0253699925681588,39.99999587850914,148.64360100639058,142.96078792959568,38.97115976462783,True,True,8.526512829121202e-13,,,True,secure,1.0094856492315742,0.9736332298325078
0.1,branch_1_immediate,branch,1,fixed,rate_c,True,True,True,secure,0.0,1.0029429336699782,0.8331096329363344,9,0.0,0.0,0.006065957239002273,0.006065957238988062,0.1889369775541092,0.0,33.47728366538695,True,True,1.8758328224066645e-12,,,True,secure,1.0029429336699782,0.8331096329363344
0.1,branch_1_sustained,branch,1,bounded,rate_a,True,True,True,secure,0.0,1.0019549543830057,0.9642582692946385,9,0.0,0.0,1.0253732477867459,39.99998698583096,148.60228868287186,143.01049903982658,38.88013633087803,True,True,5.115907697472721e-13,,,True,secure,1.0019549543830057,0.9642582692946385
0.1,branch_2_immediate,branch,2,fixed,rate_c,True,True,True,secure,0.0,1.0155177650794733,0.8003806451805109,9,0.0,0.0,0.05346192992509202,0.05346192992507781,1.6549620822561497,0.0,34.94330877008906,True,True,1.4210854715202004e-12,,,True,secure,1.0155177650794733,0.8003806451805109
0.1,branch_2_sustained,branch,2,bounded,rate_a,True,True,True,secure,0.0,1.012611395546518,0.9203387178472591,9,0.0,0.0,1.0472736401309817,39.99997498926143,157.98542725367648,152.0929542649256,39.180819676583724,True,True,3.979039320256561e-13,,,True,secure,1.012611395546518,0.9203387178472591
0.1,branch_3_immediate,branch,3,fixed,rate_c,True,True,True,secure,0.0,0.9799426384049513,0.8145195460266073,9,0.0,0.0,0.04893235344117386,0.04893235344115965,1.5174734994777492,0.0,34.805820187310474,True,True,2.0463630789890885e-12,,,True,secure,0.9799426384049513,0.8145195460266073
0.1,branch_3_sustained,branch,3,bounded,rate_a,True,True,True,secure,0.0,0.9793852979698532,0.9392754367029633,9,0.0,0.0,1.0253724703213152,39.9999896510829,149.08142954531203,142.41539784472064,39.954378388424175,True,True,1.0800249583553523e-12,,,True,secure,0.9793852979698532,0.9392754367029633
0.1,branch_4_immediate,branch,4,fixed,rate_c,True,True,True,secure,0.0,1.0148849593746752,0.9522682188992233,9,0.0,0.0,0.03938954151648488,0.03938954151647067,1.22209161526914,0.0,34.51043830310209,True,True,1.6484591469634324e-12,"{""branch_rating_overrides_mva"": {""9"": 255.0}}",benchmark_candidates_not_installed,True,secure,1.0148849593746752,0.9522682188992233
0.1,branch_4_sustained,branch,4,bounded,rate_a,True,False,False,not_converged_or_infeasible,,,,,,,,,,,,False,False,1.1937117960769683e-12,"{""branch_rating_overrides_mva"": {""9"": 255.0}}",benchmark_candidates_not_installed,True,secure,1.0121575870157808,0.7468769929337574
0.1,branch_5_immediate,branch,5,fixed,rate_c,True,True,True,secure,0.0,1.0035213078962246,0.8402943414103953,9,0.0,0.0,0.0029551713626290166,0.0029551713626148057,0.0921289098381215,0.0,33.38047559767119,True,True,1.3073986337985843e-12,,,True,secure,1.0035213078962246,0.8402943414103953
0.1,branch_5_sustained,branch,5,bounded,rate_a,True,True,True,secure,0.0,1.0032130223919538,0.9665855567587086,9,0.0,0.0,1.0253698725300922,39.99999619102812,148.58443827187,143.03188411849084,38.84090084121226,True,True,4.547473508864641e-13,,,True,secure,1.0032130223919538,0.9665855567587086
0.1,branch_6_immediate,branch,6,fixed,rate_c,True,True,True,secure,0.0,0.9500000358996077,0.8668480387626798,9,0.0,0.0,0.42827217565562137,0.42827217565562137,12.992348360709503,0.0,46.280695048542384,True,True,2.0463630789890885e-12,,,True,secure,0.9500000358996077,0.8668480387626798
0.1,branch_6_sustained,branch,6,bounded,rate_a,True,True,True,secure,0.0,0.9505205931301236,0.9994803893227514,9,0.0,0.0,1.3647489481725685,39.999996476426304,155.13898854634542,134.57220078660902,53.85513444756907,True,True,1.4210854715202004e-12,,,True,secure,0.9505205931301236,0.9994803893227514
0.1,branch_7_immediate,branch,7,fixed,rate_c,True,True,True,secure,0.0,0.9935041175204258,0.8581888161478417,9,0.0,0.0,0.03447460917908174,0.03447460917908174,1.064777624059965,0.0,34.35312431189277,True,True,1.8758328224066645e-12,,,True,secure,0.9935041175204258,0.8581888161478417
0.1,branch_7_sustained,branch,7,bounded,rate_a,True,True,True,secure,0.0,0.9934294801932224,0.9923378377270947,9,0.0,0.0,1.0253786554076498,39.999971134789234,159.21388724391653,152.16804753201865,40.3341863997307,True,True,6.252776074688882e-13,,,True,secure,0.9934294801932224,0.9923378377270947
0.1,branch_8_immediate,branch,8,fixed,rate_c,True,True,True,secure,0.0,1.0050323905531475,0.8624121408078383,9,0.0,0.0,0.016766004845056415,0.016766004845056415,0.5199709992107211,0.0,33.808317687043655,True,True,1.1119993814645568e-12,,,True,secure,1.0050323905531475,0.8624121408078383
0.1,branch_8_sustained,branch,8,bounded,rate_a,True,True,True,secure,0.0,1.003899697784431,0.9990047575000286,9,0.0,0.0,1.0253725018408772,39.99998879801785,158.9300072806195,152.5778284794358,39.640525489016454,True,True,6.252776074688882e-13,,,True,secure,1.003899697784431,0.9990047575000286
0.1,branch_9_immediate,branch,9,fixed,rate_c,True,False,False,not_converged_or_infeasible,,,,,,,,,,,,False,False,1.4495071809506044e-12,"{""shunt_injections_mvar"": {""6"": 140.0}}",benchmark_candidates_not_installed,True,secure,0.9665084750752921,0.6718973576654282
0.1,branch_9_sustained,branch,9,bounded,rate_a,True,False,False,not_converged_or_infeasible,,,,,,,,,,,,False,False,2.2737367544323206e-12,"{""shunt_injections_mvar"": {""6"": 140.0}}",benchmark_candidates_not_installed,True,secure,0.9665083775692594,0.8446709890117055
0.1,branch_11_immediate,branch,11,fixed,rate_c,True,True,True,secure,0.0,1.0099218076254302,0.8307590322234991,9,0.0,0.0,0.033176645993734155,0.033176645993734155,1.0069938820187483,0.0,34.29534056985176,True,True,1.3073986337985843e-12,,,True,secure,1.0099218076254302,0.8307590322234991
0.1,branch_11_sustained,branch,11,bounded,rate_a,True,True,True,secure,0.0,1.001750766708227,0.9497812244942115,9,0.0,0.0,1.0253699468928517,39.999996268302425,149.51436554100937,141.8020619765932,41.000650252249216,True,True,1.4210854715202004e-12,,,True,secure,1.001750766708227,0.9497812244942115
0.1,branch_12_immediate,branch,12,fixed,rate_c,True,True,True,secure,0.0,0.9986535659074276,0.8531145241449606,9,0.0,0.0,0.036440946962557064,0.03644094696254285,1.1054122466801983,0.0,34.393758934513244,True,True,3.0127011996228248e-12,,,True,secure,0.9986535659074276,0.8531145241449606
0.1,branch_12_sustained,branch,12,bounded,rate_a,True,True,True,secure,0.0,0.9858763676911951,0.9862851467500786,9,0.0,0.0,1.0253763027711216,39.9999794224226,159.47408068665814,151.6686091011734,41.09381827331754,True,True,3.552713678800501e-12,,,True,secure,0.9858763676911951,0.9862851467500786
0.1,branch_13_immediate,branch,13,fixed,rate_c,True,True,True,secure,0.0,1.0006484733946828,0.8524555786485573,9,0.0,0.0,0.03375486264587835,0.03375486264586414,1.0467145106806028,0.0,34.33506119851336,True,True,1.2505552149377763e-12,,,True,secure,1.0006484733946828,0.8524555786485573
0.1,branch_13_sustained,branch,13,bounded,rate_a,True,True,True,secure,0.0,0.9996386891685841,0.9823240794889002,9,0.0,0.0,1.0253729353453593,39.99998849823447,149.20832861304385,142.25944168598386,40.23723361489283,True,True,1.6484591469634324e-12,,,True,secure,0.9996386891685841,0.9823240794889002
0.1,branch_14_immediate,branch,14,fixed,rate_c,True,True,True,secure,0.0,0.9995945955189726,0.8605731023735337,9,0.0,0.0,0.07719985203378599,0.07719985203377178,2.3945802785028394,0.0,35.6829269663358,True,True,4.035882739117369e-12,,,True,secure,0.9995945955189726,0.8605731023735337
0.1,branch_14_sustained,branch,14,bounded,rate_a,True,True,True,secure,0.0,0.9994415228237086,0.9915204342961172,9,0.0,0.0,1.0253792283439793,39.999971747975735,159.64359130275594,151.5201287770717,41.411809213517245,True,True,4.348521542851813e-12,,,True,secure,0.9994415228237086,0.9915204342961172
0.1,branch_15_immediate,branch,15,fixed,rate_c,True,True,True,secure,0.0,1.0141454614585734,0.8048091797721565,9,0.0,0.0,0.09678481787665305,0.09678481787663884,2.9929331802215886,0.0,36.2812798680543,True,True,1.5916157281026244e-12,,,True,secure,1.0141454614585734,0.8048091797721565
0.1,branch_15_sustained,branch,15,bounded,rate_a,True,True,True,secure,0.0,1.0098879259564333,0.9182214316454583,9,0.0,0.0,1.0253704725134014,39.99999511945737,160.18993268668248,150.70056970292737,42.77770967158813,True,True,5.9117155615240335e-12,,,True,secure,1.0098879259564333,0.9182214316454583
0.1,branch_16_immediate,branch,16,fixed,rate_c,True,True,True,secure,0.0,1.0130854941161271,0.8088943752520321,9,0.0,0.0,0.17180053917837768,0.17180053917837768,5.312466306620076,0.0,38.60081299445301,True,True,2.3590018827235326e-12,,,True,secure,1.0130854941161271,0.8088943752520321
0.1,branch_16_sustained,branch,16,bounded,rate_a,True,True,True,secure,0.0,1.00925967252241,0.9256808561229107,9,0.0,0.0,1.0253700512658384,39.99999641712111,161.0523513201408,149.46671147441248,44.87398653356104,True,True,9.094947017729282e-13,,,True,secure,1.00925967252241,0.9256808561229107
0.1,branch_17_immediate,branch,17,fixed,rate_c,True,True,True,secure,0.0,1.0130296668778738,0.8236835546638601,9,0.0,0.0,0.16978313750652774,0.16978313750651353,5.264791301790016,0.0,38.55313798962288,True,True,1.3073986337985843e-12,,,True,secure,1.0130296668778738,0.8236835546638601
0.1,branch_17_sustained,branch,17,bounded,rate_a,True,True,True,secure,0.0,1.010191751221277,0.9486410679396347,9,0.0,0.0,1.0253701801658508,39.99999611028545,150.69578273184615,140.49741098534525,43.48671843433385,True,True,1.0231815394945443e-12,,,True,secure,1.010191751221277,0.9486410679396347
0.1,branch_18_immediate,branch,18,fixed,rate_c,True,True,True,secure,0.0,1.011560508548135,0.8278739639911596,9,0.0,0.0,0.01705626788803727,0.017056267888023058,0.528296593182398,0.0,33.81664328101533,True,True,1.2505552149377763e-12,,,True,secure,1.011560508548135,0.8278739639911596
0.1,branch_18_sustained,branch,18,bounded,rate_a,True,True,True,secure,0.0,1.005767239679543,0.9496404255452935,9,0.0,0.0,1.02536945862866,39.99999738951897,159.33408500964453,151.91801001200182,40.70442168547561,True,True,6.252776074688882e-13,,,True,secure,1.005767239679543,0.9496404255452935
0.1,branch_19_immediate,branch,19,fixed,rate_c,True,True,True,secure,0.0,1.0093669999994026,0.8218913692193568,9,0.0,0.0,0.11707454599408607,0.11707454599407185,3.628152905392298,0.0,36.916499593225126,True,True,1.7621459846850485e-12,,,True,secure,1.0093669999994026,0.8218913692193568
0.1,branch_19_sustained,branch,19,bounded,rate_a,True,True,True,secure,0.0,1.0067335054038027,0.9454325086399425,9,0.0,0.0,1.025370482039392,39.99999503159847,159.99456886957984,151.02658346145967,42.256332095952985,True,True,3.410605131648481e-13,,,True,secure,1.0067335054038027,0.9454325086399425
0.1,branch_20_immediate,branch,20,fixed,rate_c,True,True,True,secure,0.0,1.0092515479996005,0.829941018226995,9,0.0,0.0,0.1955625044393372,0.195562504439323,6.033243455942611,0.0,39.321590143775666,True,True,1.2363443602225743e-12,,,True,secure,1.0092515479996005,0.829941018226995
0.1,branch_20_sustained,branch,20,bounded,rate_a,True,True,True,secure,0.0,1.004837036296614,0.9560094859458999,9,0.0,0.0,1.025370378825528,39.99999589570734,161.77671595018458,148.3685296566656,46.69653298135199,True,True,3.524291969370097e-12,,,True,secure,1.004837036296614,0.9560094859458999
0.1,branch_21_immediate,branch,21,fixed,rate_c,True,True,True,secure,0.0,1.011115074426749,0.8314582990089404,9,0.0,0.0,0.06742360340476239,0.06742360340474818,2.0919211200189176,0.0,35.38026780785185,True,True,1.8829382497642655e-12,,,True,secure,1.011115074426749,0.8314582990089404
0.1,branch_21_sustained,branch,21,bounded,rate_a,True,True,True,secure,0.0,1.007170086682411,0.9558095153555651,9,0.0,0.0,1.0253699846361997,39.999996298754695,160.07694970105027,150.84464417558542,42.52065221329758,True,True,5.115907697472721e-13,,,True,secure,1.007170086682411,0.9558095153555651
0.1,branch_22_immediate,branch,22,fixed,rate_c,True,True,True,secure,0.0,1.0012507391692844,0.8175828909348776,9,0.0,0.0,0.4322910452324038,0.4322910452323896,13.107393029484587,0.0,46.39573971731761,True,True,1.4779288903810084e-12,,,True,secure,1.0012507391692844,0.8175828909348776
0.1,branch_22_sustained,branch,22,bounded,rate_a,True,True,True,secure,0.0,0.9939004236652309,0.9333871001533957,9,0.0,0.0,1.4838344237811185,39.99999430046881,155.56302167877016,133.33692075776324,55.51444760883987,True,True,1.4779288903810084e-12,,,True,secure,0.9939004236652309,0.9333871001533957
0.1,branch_23_immediate,branch,23,fixed,rate_c,True,True,True,secure,0.0,1.0092497505968436,0.8374571855852838,9,0.0,0.0,0.0012553581737364539,0.001255358173722243,0.03911517580293156,0.0,33.32746186363602,True,True,6.0396132539608516e-12,,,True,secure,1.0092497505968436,0.8374571855852838
0.1,branch_23_sustained,branch,23,bounded,rate_a,True,True,True,secure,0.0,1.0055234108945283,0.9629692537407909,9,0.0,0.0,1.0253782877514084,39.999973124203166,160.29342779172595,154.6647181306689,38.91705634889013,True,True,1.7905676941154525e-12,,,True,secure,1.0055234108945283,0.9629692537407909
0.1,branch_24_immediate,branch,24,fixed,rate_c,True,True,True,secure,0.0,1.00967052071162,0.8386326761998519,9,0.0,0.0,0.08079183927267763,0.08079183927266342,2.5144830681913763,0.0,35.80282975602404,True,True,1.4210854715202004e-12,,,True,secure,1.00967052071162,0.8386326761998519
0.1,branch_24_sustained,branch,24,bounded,rate_a,True,True,True,secure,0.0,1.006160926757948,0.9651807052120913,9,0.0,0.0,1.0253698366942956,39.99999661109905,160.02046472830614,150.98428298888888,42.32452842725024,True,True,1.8758328224066645e-12,,,True,secure,1.006160926757948,0.9651807052120913
0.1,branch_25_immediate,branch,25,fixed,rate_c,True,True,True,secure,0.0,1.00967052071162,0.8386326761998519,9,0.0,0.0,0.08079183927267763,0.08079183927266342,2.5144830681913763,0.0,35.80282975602404,True,True,1.4210854715202004e-12,,,True,secure,1.00967052071162,0.8386326761998519
0.1,branch_25_sustained,branch,25,bounded,rate_a,True,True,True,secure,0.0,1.0061609267579483,0.9651807052120941,9,0.0,0.0,1.0253698366942956,39.99999661109905,160.0204647283057,150.98428298888945,42.324528427249334,True,True,1.8758328224066645e-12,,,True,secure,1.0061609267579483,0.9651807052120941
0.1,branch_26_immediate,branch,26,fixed,rate_c,True,False,False,not_converged_or_infeasible,,,,,,,,,,,,False,False,2.1032064978498966e-12,"{""corrective_open_branch_indices"": [6]}",benchmark_candidates_not_installed,True,secure,0.9500000440636978,0.8669084373678244
0.1,branch_26_sustained,branch,26,bounded,rate_a,True,False,False,not_converged_or_infeasible,,,,,,,,,,,,False,False,1.9610979506978765e-12,"{""corrective_open_branch_indices"": [6]}",benchmark_candidates_not_installed,True,secure,0.9503771020462197,0.9992851113611709
0.1,branch_27_immediate,branch,27,fixed,rate_c,True,True,True,secure,0.0,1.0075528512434742,0.8357731996717281,9,0.0,0.0,0.15203835260427923,0.15203835260426501,4.704630235367826,0.0,37.992976923200786,True,True,1.1652900866465643e-12,,,True,secure,1.0075528512434742,0.8357731996717281
0.1,branch_27_sustained,branch,27,bounded,rate_a,True,True,True,secure,0.0,1.0079654042586965,0.9651987919966584,9,0.0,0.0,1.0472664791442128,39.14709704454094,147.7680554522217,141.00759602291834,40.04880611713634,True,True,2.7569058147491887e-12,,,True,secure,1.0079654042586965,0.9651987919966584
0.1,branch_28_immediate,branch,28,fixed,rate_c,True,True,True,secure,0.0,1.0115227600284815,0.8379977310372424,9,0.0,0.0,0.001959685640130715,0.001959685640116504,0.061066720510777994,0.0,33.34941340834348,True,True,8.526512829121202e-13,,,True,secure,1.0115227600284815,0.8379977310372424
0.1,branch_28_sustained,branch,28,bounded,rate_a,True,True,True,secure,0.0,1.0098301205678855,0.9640542820774475,9,0.0,0.0,1.0253686833938218,39.99999941562595,158.6861831690549,152.90486143345925,39.06966842342854,True,True,2.0179413695586845e-12,,,True,secure,1.0098301205678855,0.9640542820774475
0.1,branch_29_immediate,branch,29,fixed,rate_c,True,True,True,secure,0.0,1.0108683527088793,0.8373186278745368,9,0.0,0.0,0.02220377669216589,0.022203776692151678,0.691080029441407,0.0,33.97942671727424,True,True,6.252776074688882e-13,,,True,secure,1.0108683527088793,0.8373186278745368
0.1,branch_29_sustained,branch,29,bounded,rate_a,True,True,True,secure,0.0,1.0101605689621138,0.9689726582886861,9,0.0,0.0,1.0472657291694816,39.32823564072686,151.65726700615804,148.90325163600772,36.042362057983155,True,True,4.547473508864641e-13,,,True,secure,1.0101605689621138,0.9689726582886861
0.1,branch_30_immediate,branch,30,fixed,rate_c,True,True,True,secure,0.0,1.0116546606061787,0.8373500274173534,9,0.0,0.0,0.10908032913980037,0.10908032913978616,3.384462573543729,0.0,36.67280926137664,True,True,1.9326762412674725e-12,,,True,secure,1.0116546606061787,0.8373500274173534
0.1,branch_30_sustained,branch,30,bounded,rate_a,True,True,True,secure,0.0,1.0086111853163953,0.9629780583832013,9,0.0,0.0,1.0253773558450803,39.99997913029006,150.40991394696812,140.80354899660063,42.89471163820053,True,True,2.0463630789890885e-12,,,True,secure,1.0086111853163953,0.9629780583832013
0.1,branch_31_immediate,branch,31,fixed,rate_c,True,True,True,secure,0.0,1.0122180172032504,0.8379640027978192,9,0.0,0.0,0.005856049094631999,0.005856049094617788,0.18244998461369866,0.0,33.47079667244634,True,True,6.764366844436154e-12,,,True,secure,1.0122180172032504,0.8379640027978192
0.1,branch_31_sustained,branch,31,bounded,rate_a,True,True,True,secure,0.0,1.0089945334524761,0.9641085166207687,9,0.0,0.0,1.025379091024348,39.999969300654925,158.72052995401413,152.86378103443045,39.14509560741635,True,True,3.979039320256561e-13,,,True,secure,1.0089945334524761,0.9641085166207687
0.1,branch_32_immediate,branch,32,fixed,rate_c,True,True,True,secure,0.0,1.0122180172032504,0.8379640027978192,9,0.0,0.0,0.005856049094631999,0.005856049094617788,0.18244998461369866,0.0,33.47079667244634,True,True,2.0037305148434825e-12,,,True,secure,1.0122180172032504,0.8379640027978192
0.1,branch_32_sustained,branch,32,bounded,rate_a,True,True,True,secure,0.0,1.0089945334524761,0.9641085166207687,9,0.0,0.0,1.025379091024348,39.999969300654925,158.72052995401413,152.86378103443045,39.14509560741635,True,True,3.979039320256561e-13,,,True,secure,1.0089945334524761,0.9641085166207687
0.1,branch_33_immediate,branch,33,fixed,rate_c,True,True,True,secure,0.0,1.0125265664981267,0.8386086904184933,9,0.0,0.0,0.022863439609409397,0.022863439609395186,0.7132403740706295,0.0,34.00158706190359,True,True,2.0179413695586845e-12,,,True,secure,1.0125265664981267,0.8386086904184933
0.1,branch_33_sustained,branch,33,bounded,rate_a,True,True,True,secure,0.0,1.009300334732897,0.9648190807647214,9,0.0,0.0,1.0253785546547078,39.99997106483977,158.89118474148754,152.626992763192,39.552538666128385,True,True,7.958078640513122e-13,,,True,secure,1.009300334732897,0.9648190807647214
0.1,branch_34_immediate,branch,34,fixed,rate_c,True,True,True,secure,0.0,1.0125265664981267,0.8386086904184933,9,0.0,0.0,0.022863439609409397,0.022863439609395186,0.7132403740706295,0.0,34.00158706190359,True,True,2.0179413695586845e-12,,,True,secure,1.0125265664981267,0.8386086904184933
0.1,branch_34_sustained,branch,34,bounded,rate_a,True,True,True,secure,0.0,1.00933252439274,0.9646584635395467,9,0.0,0.0,1.0253697210997927,39.999996709616084,148.89055194815543,142.66636201285132,39.51253662313684,True,True,7.958078640513122e-13,,,True,secure,1.00933252439274,0.9646584635395467
0.1,branch_35_immediate,branch,35,fixed,rate_c,True,True,True,secure,0.0,1.0122113515986586,0.8383631402964917,9,0.0,0.0,0.03785333625938847,0.03785333625937426,1.180934040197028,0.0,34.469280728029844,True,True,2.2737367544323206e-12,,,True,secure,1.0122113515986586,0.8383631402964917
0.1,branch_35_sustained,branch,35,bounded,rate_a,True,True,True,secure,0.0,1.0093141562780275,0.9647158294399449,9,0.0,0.0,1.0253796144856437,39.99996721315466,159.07713283654684,152.3563738282444,40.00910569613552,True,True,1.0231815394945443e-12,,,True,secure,1.0093141562780275,0.9647158294399449
0.1,branch_36_immediate,branch,36,fixed,rate_c,True,True,True,secure,0.0,1.0122113515986586,0.8383631402964917,9,0.0,0.0,0.03785333625938847,0.03785333625937426,1.180934040197028,0.0,34.469280728029844,True,True,2.2737367544323206e-12,,,True,secure,1.0122113515986586,0.8383631402964917
0.1,branch_36_sustained,branch,36,bounded,rate_a,True,True,True,secure,0.0,1.0093141562780272,0.9647158294399459,9,0.0,0.0,1.0253796144856437,39.99996721315466,159.07713283654624,152.3563738282451,40.00910569613416,True,True,1.0231815394945443e-12,,,True,secure,1.0093141562780272,0.9647158294399459
0.1,branch_37_immediate,branch,37,fixed,rate_c,True,True,True,secure,0.0,1.0127906021932944,0.8384090573526476,9,0.0,0.0,0.16591170228902286,0.16591170228900864,5.134840050972862,0.0,38.423186738805725,True,True,4.177991286269389e-12,,,True,secure,1.0127906021932944,0.8384090573526476
0.1,branch_37_sustained,branch,37,bounded,rate_a,True,True,True,secure,0.0,1.009497726250365,0.9642188795420653,9,0.0,0.0,1.0253721365391186,39.999991641537974,160.98133000622428,149.57705754863593,44.692619145421304,True,True,2.2737367544323206e-12,,,True,secure,1.009497726250365,0.9642188795420653
0.1,generator_0_sustained,generator,0,bounded,rate_a,True,True,True,secure,0.0,1.0085658032990445,0.9726091673423162,9,0.0,0.0,1.0253781293833981,39.999975342161974,165.69789780621562,142.05928904995477,39.8606078643179,True,True,1.1937117960769683e-12,,,True,secure,1.0085658032990445,0.9726091673423162
0.1,generator_1_sustained,generator,1,bounded,rate_a,True,True,True,secure,0.0,1.0085658032990445,0.9726091673423162,9,0.0,0.0,1.0253781293833981,39.999975342161974,165.69789780621562,142.05928904995477,39.8606078643179,True,True,1.1937117960769683e-12,,,True,secure,1.0085658032990445,0.9726091673423162
0.1,generator_2_sustained,generator,2,bounded,rate_a,True,True,True,secure,0.0,1.0068099114495181,0.994269051607887,9,0.0,0.0,1.0424894878370878,39.999997025216885,191.30672316603378,113.0831786725256,42.045544898829576,True,True,2.4442670110147446e-12,,,True,secure,1.0068099114495181,0.994269051607887
0.1,generator_3_sustained,generator,3,bounded,rate_a,True,True,True,secure,0.0,1.0067670447500972,0.9943865406618454,9,0.0,0.0,1.0424648756975046,39.999997198532185,191.32838027768977,113.06130191320179,42.089078769809475,True,True,8.29913915367797e-12,,,True,secure,1.0067670447500972,0.9943865406618454
0.1,generator_4_sustained,generator,4,bounded,rate_a,True,True,True,secure,0.0,1.008619171864771,0.9737602394154923,9,0.0,0.0,1.0253782440239831,39.999976060289384,165.0938840248772,141.48645385971167,39.829203679181774,True,True,3.0127011996228248e-12,,,True,secure,1.008619171864771,0.9737602394154923
0.1,generator_5_sustained,generator,5,bounded,rate_a,True,True,True,secure,0.0,1.0088145269832391,0.9751478268088436,9,0.0,0.0,1.0472720680151895,39.999977577852064,162.77588144115467,140.31085115913484,38.6868037960362,True,True,2.8848035071860068e-12,,,True,secure,1.0088145269832391,0.9751478268088436
0.1,generator_6_sustained,generator,6,bounded,rate_a,True,True,True,secure,0.0,1.007418067330556,0.999710697133142,9,0.0,0.0,1.0472752293852636,39.999973832972216,192.19916930253618,114.4105515453505,41.61039256807726,True,True,2.4442670110147446e-12,,,True,secure,1.007418067330556,0.999710697133142
0.1,generator_7_sustained,generator,7,bounded,rate_a,True,True,True,secure,0.0,1.007418067330556,0.9997106971331448,9,0.0,0.0,1.0472752293852636,39.999973832972216,192.19916930253726,114.41055154534946,41.61039256807953,True,True,2.4442670110147446e-12,,,True,secure,1.007418067330556,0.9997106971331448
0.1,generator_8_sustained,generator,8,bounded,rate_a,True,True,True,secure,0.0,0.9960613478837516,0.9533806667705935,9,0.0,0.0,1.2067818103879375,39.99999656914116,196.5275467395484,106.10255629717507,44.324719833724885,True,True,1.7621459846850485e-12,,,True,secure,0.9960613478837516,0.9533806667705935
0.1,generator_9_sustained,generator,9,bounded,rate_a,True,True,True,secure,0.0,0.9960047507490476,0.9517224734017845,9,0.0,0.0,1.243560030338756,39.99999404447499,192.61035065017285,101.54494174936822,44.9651382921561,True,True,1.1937117960769683e-12,,,True,secure,0.9960047507490476,0.9517224734017845
0.1,generator_10_sustained,generator,10,bounded,rate_a,True,True,True,secure,0.0,0.9961974073381547,0.95455705360776,9,0.0,0.0,1.0974327050239623,39.99999737602599,194.8527914113683,106.36284179533213,43.35061650295211,True,True,1.1937117960769683e-12,,,True,secure,0.9961974073381547,0.95455705360776
0.1,generator_11_sustained,generator,11,bounded,rate_a,True,True,True,secure,0.0,1.0083821306875154,0.9568592218947378,9,0.0,0.0,1.6532387338785668,39.999996984540644,234.6310645132894,48.93809489439599,40.634052332718056,True,True,1.5916157281026244e-12,,,True,secure,1.0083821306875154,0.9568592218947378
0.1,generator_12_sustained,generator,12,bounded,rate_a,True,True,True,secure,0.0,1.0085184775750462,0.9578089046322147,9,0.0,0.0,1.5348578877776191,39.9999968282803,235.211227654231,49.75783768391216,40.39447268414369,True,True,7.23332505003782e-12,,,True,secure,1.0085184775750462,0.9578089046322147
0.1,generator_13_sustained,generator,13,bounded,rate_a,True,True,True,secure,0.0,1.0083821306875156,0.9568592218947416,9,0.0,0.0,1.6532387338784957,39.999996984540644,234.63106451328923,48.93809489439646,40.6340523327176,True,True,1.5916157281026244e-12,,,True,secure,1.0083821306875156,0.9568592218947416
0.1,generator_15_sustained,generator,15,bounded,rate_a,True,True,True,secure,0.0,1.0086284545020807,0.9640828114304518,9,0.0,0.0,1.0253779643196594,39.99997458880068,158.698441816013,149.5665614818908,38.97773733809163,True,True,1.3073986337985843e-12,,,True,secure,1.0086284545020807,0.9640828114304518
0.1,generator_16_sustained,generator,16,bounded,rate_a,True,True,True,secure,0.0,1.0084816460858477,0.9636493598871363,9,0.0,0.0,1.042471080337691,39.99998027753128,160.0748199928259,151.3800689254645,38.54060807133055,True,True,2.2737367544323206e-12,,,True,secure,1.0084816460858477,0.9636493598871363
0.1,generator_17_sustained,generator,17,bounded,rate_a,True,True,True,secure,0.0,1.008628454502081,0.9640828114304503,9,0.0,0.0,1.0253779643196594,39.99997458880068,158.69844181601258,149.56656148189205,38.97773733808981,True,True,1.8189894035458565e-12,,,True,secure,1.008628454502081,0.9640828114304503
0.1,generator_18_sustained,generator,18,bounded,rate_a,True,True,True,secure,0.0,1.0086117934291634,0.9637870996547885,9,0.0,0.0,1.0253787965635581,39.99997360996065,160.17857524779342,151.18723613930445,38.83719611245806,True,True,4.121147867408581e-12,,,True,secure,1.0086117934291634,0.9637870996547885
0.1,generator_19_sustained,generator,19,bounded,rate_a,True,True,True,secure,0.0,1.0086284545020807,0.9640828114304518,9,0.0,0.0,1.0253779643196594,39.99997458880068,158.698441816013,149.5665614818908,38.97773733809163,True,True,1.3073986337985843e-12,,,True,secure,1.0086284545020807,0.9640828114304518
0.1,generator_20_sustained,generator,20,bounded,rate_a,True,True,True,secure,0.0,1.0022190787910958,0.9660882727536965,9,0.0,0.0,1.3049658145019407,39.99999666892535,215.87105087786372,69.78585296665179,38.83105651094502,True,True,1.2505552149377763e-12,,,True,secure,1.0022190787910958,0.9660882727536965
0.1,generator_21_sustained,generator,21,bounded,rate_a,True,True,True,secure,0.0,1.00662448075726,0.9656515906458575,9,0.0,0.0,1.0472715038241347,39.99998335894884,218.6740758313305,72.58069592499318,38.83926303721182,True,True,1.1937117960769683e-12,,,True,secure,1.00662448075726,0.9656515906458575
0.1,generator_22_sustained,generator,22,bounded,rate_a,True,False,False,not_converged_or_infeasible,,,,,,,,,,,,False,False,1.1084466677857563e-12,,,False,not_converged_or_infeasible,,
0.1,generator_23_sustained,generator,23,bounded,rate_a,True,False,False,not_converged_or_infeasible,,,,,,,,,,,,False,False,2.5579538487363607e-13,,,False,not_converged_or_infeasible,,
0.1,generator_24_sustained,generator,24,bounded,rate_a,True,True,True,secure,0.0,1.0102501901019303,0.9658645542161824,9,0.0,0.0,1.0253695781665897,39.999996766676475,174.2264032317127,124.70602241855698,36.81078434015399,True,True,1.2221335055073723e-12,,,True,secure,1.0102501901019303,0.9658645542161824
0.1,generator_25_sustained,generator,25,bounded,rate_a,True,True,True,secure,0.0,1.0100635953244064,0.9648101268925474,9,0.0,0.0,1.0424644033579114,39.99999749681285,178.49236863624162,128.7838033486618,36.99896881457789,True,True,1.1937117960769683e-12,,,True,secure,1.0100635953244064,0.9648101268925474
0.1,generator_26_sustained,generator,26,bounded,rate_a,True,True,True,secure,0.0,1.0100884298472035,0.9648445830242296,9,0.0,0.0,1.0253693627038558,39.999997435973626,178.5432946829164,128.75651126133016,37.07718694858431,True,True,3.979039320256561e-13,,,True,secure,1.0100884298472035,0.9648445830242296
0.1,generator_27_sustained,generator,27,bounded,rate_a,True,True,True,secure,0.0,1.0100974603763795,0.965654466406335,9,0.0,0.0,1.047269796688255,39.999983517466035,167.768739112465,119.15240369139025,35.90673894807287,True,True,5.400124791776761e-13,,,True,secure,1.0100974603763795,0.965654466406335
0.1,generator_28_sustained,generator,28,bounded,rate_a,True,True,True,secure,0.0,1.0102501901019305,0.9658645542161813,9,0.0,0.0,1.0253695781665897,39.999996766676475,174.22640323171112,124.70602241855434,36.810784340154896,True,True,2.6716406864579767e-12,,,True,secure,1.0102501901019305,0.9658645542161813
0.1,generator_29_sustained,generator,29,bounded,rate_a,True,True,True,secure,0.0,1.010088429847203,0.9648445830242286,9,0.0,0.0,1.0253693627038558,39.999997435973626,178.54329468291553,128.7565112613314,37.07718694858204,True,True,1.3216094885137863e-12,,,True,secure,1.010088429847203,0.9648445830242286
0.1,generator_30_sustained,generator,30,bounded,rate_a,True,True,True,secure,0.0,1.0095320299582826,0.9652102348908121,9,0.0,0.0,1.047264280493124,39.999999264010626,217.366903210954,73.60394923039384,36.52593218975289,True,True,1.8758328224066645e-12,,,True,secure,1.0095320299582826,0.9652102348908121
0.1,generator_31_sustained,generator,31,bounded,rate_a,True,True,True,secure,0.0,1.009608550401361,0.9662778206568321,9,0.0,0.0,1.0472668759573764,39.9999928312356,213.05397833400875,69.51959717517121,36.2973593680299,True,True,1.7621459846850485e-12,,,True,secure,1.009608550401361,0.9662778206568321
0.1,generator_32_sustained,generator,32,bounded,rate_a,True,False,False,not_converged_or_infeasible,,,,,,,,,,,,False,False,2.2168933355715126e-12,,,False,not_converged_or_infeasible,,
0.5,base,base,,base,rate_a,True,True,True,secure,0.0,1.00249458087322,0.9242486980932613,9,0.0,0.0,3.4218860723507802,3.4218860723507802,48.59658596362336,4.904849402009859e-05,48.596536915129946,True,True,1.1368683772161603e-12,,,True,secure,1.00249458087322,0.9242486980932613
0.5,branch_0_immediate,branch,0,fixed,rate_c,True,True,True,secure,0.0,1.0030801260391848,0.8171995444428275,9,0.0,0.0,0.008380046913437411,0.008380046913430306,0.11898698564693344,0.04615703392344983,48.66936686685358,True,True,7.958078640513122e-13,,,True,secure,1.0030801260391848,0.8171995444428275
0.5,branch_0_sustained,branch,0,bounded,rate_a,True,True,True,secure,0.0,0.9848638522989747,0.9999997827364553,9,0.0,0.0,0.8803906592327557,98.49999609686733,312.7510996499354,300.8268919753719,60.52074458969355,True,True,2.2737367544323206e-13,,,True,secure,0.9848638522989747,0.9999997827364553
0.5,branch_1_immediate,branch,1,fixed,rate_c,True,True,True,secure,0.0,0.9980410417050619,0.80908498102174,9,0.0,0.0,0.016474882530701507,0.0164748825306944,0.23380532136584442,0.027385367777881697,48.802956868717956,True,True,6.252776074688882e-13,,,True,secure,0.9980410417050619,0.80908498102174
0.5,branch_1_sustained,branch,1,bounded,rate_a,True,True,True,secure,0.0,0.9909731246109653,0.9999995806236696,9,0.0,0.0,0.9633225456809456,98.49999550895393,312.94727968039746,300.208959206785,61.33485738874242,True,True,1.8189894035458565e-12,,,True,secure,0.9909731246109653,0.9999995806236696
0.5,branch_2_immediate,branch,2,fixed,rate_c,True,True,True,secure,0.0,1.0087633916550471,0.794832102319223,9,0.0,0.0,0.21803138109894604,0.21803138109893894,3.0667766148920235,0.0,51.66331353002215,True,True,1.7053025658242404e-12,,,True,secure,1.0087633916550471,0.794832102319223
0.5,branch_2_sustained,branch,2,bounded,rate_a,True,True,True,secure,0.0,0.9999819797451004,0.9326926632828887,9,0.0,0.0,1.4773111837841775,98.49999869260071,252.98790154426445,238.93507851391064,62.649359945483866,True,True,3.694822225952521e-13,,,True,secure,0.9999819797451004,0.9326926632828887
0.5,branch_3_immediate,branch,3,fixed,rate_c,True,True,True,secure,0.0,0.9784070940481898,0.7980467541890198,9,0.0,0.0,0.17194896880928212,0.17194896880927502,2.4247078309961863,3.02250999197895e-05,51.021214521026195,True,True,1.2505552149377763e-12,,,True,secure,0.9784070940481898,0.7980467541890198
0.5,branch_3_sustained,branch,3,bounded,rate_a,True,True,True,secure,0.0,0.9734821623835063,0.9626727325173058,9,0.0,0.0,1.48460352635081,98.499997852077,252.993612564541,238.8762366712811,62.71391280838998,True,True,2.8421709430404007e-13,,,True,secure,0.9734821623835063,0.9626727325173058
0.5,branch_4_immediate,branch,4,fixed,rate_c,True,True,True,secure,0.0,1.008145467019938,0.9522681554453811,9,0.0,0.0,0.1517823274315262,0.1517823274315191,2.1416135327413865,2.9814177139542153e-05,50.73812063369451,True,True,3.637978807091713e-12,"{""branch_rating_overrides_mva"": {""9"": 255.0}}",benchmark_candidates_not_installed,True,secure,1.008145467019938,0.9522681554453811
0.5,branch_4_sustained,branch,4,bounded,rate_a,True,False,False,not_converged_or_infeasible,,,,,,,,,,,,False,False,7.389644451905042e-13,"{""branch_rating_overrides_mva"": {""9"": 255.0}}",benchmark_candidates_not_installed,True,secure,1.0002668450813925,0.7527394290981338
0.5,branch_5_immediate,branch,5,fixed,rate_c,True,True,True,secure,0.0,1.0034602361790577,0.807413771597047,9,0.0,0.0,0.03727257046826793,0.037272570468260824,0.5282277951416949,0.004951578390432587,49.11981313188153,True,True,6.821210263296962e-13,,,True,secure,1.0034602361790577,0.807413771597047
0.5,branch_5_sustained,branch,5,bounded,rate_a,True,True,True,secure,0.0,0.9963366321756697,0.9738158663480694,9,0.0,0.0,1.1552393744050171,98.49999448112928,254.63903849984476,241.0098922256546,62.22568318932008,True,True,1.2789769243681803e-12,,,True,secure,0.9963366321756697,0.9738158663480694
0.5,branch_6_immediate,branch,6,fixed,rate_c,True,True,True,secure,0.0,0.9528419493928103,0.8406879790183135,9,0.0,0.0,1.5059236208468576,1.5059236208468505,18.47036434699962,2.539508039944849e-05,67.06687586704948,True,True,1.0231815394945443e-12,,,True,secure,0.9528419493928103,0.8406879790183135
0.5,branch_6_sustained,branch,6,bounded,rate_a,True,True,True,secure,0.0,0.9500000000953468,0.9999999988974493,9,0.0,0.0,25.25025417234219,93.23237797811495,286.2283846010375,266.5470487140738,68.27787280209395,True,True,7.389644451905042e-13,,,True,secure,0.9500000000953468,0.9999999988974493
0.5,branch_7_immediate,branch,7,fixed,rate_c,True,True,True,secure,0.0,1.0021719281157542,0.8183740317684551,9,0.0,0.0,0.03415947322960733,0.034159473229600223,0.4865346514618345,0.006814855417673016,49.07625671117421,True,True,8.810729923425242e-13,,,True,secure,1.0021719281157542,0.8183740317684551
0.5,branch_7_sustained,branch,7,bounded,rate_a,True,True,True,secure,0.0,0.9500000188439093,0.9999999802685734,9,0.0,0.0,1.5062690555845748,98.49999286293942,302.9685017178853,285.7100289868736,65.85500964614175,True,True,3.410605131648481e-13,,,True,secure,0.9500000188439093,0.9999999802685734
0.5,branch_8_immediate,branch,8,fixed,rate_c,True,True,True,secure,0.0,0.997634320196735,0.81464359833192,9,0.0,0.0,0.01411525973363581,0.014115259733628704,0.20066329975615904,0.033657928926146496,48.763542285960284,True,True,1.5614176618328202e-12,,,True,secure,0.997634320196735,0.81464359833192
0.5,branch_8_sustained,branch,8,bounded,rate_a,True,True,True,secure,0.0,0.9500004293931202,0.9999998431503979,9,0.0,0.0,1.2336194636495392,98.49999062296831,257.65908320494765,240.25201922276275,66.00360089731521,True,True,1.5347723092418164e-12,,,True,secure,0.9500004293931202,0.9999998431503979
0.5,branch_9_immediate,branch,9,fixed,rate_c,True,False,False,not_converged_or_infeasible,,,,,,,,,,,,False,False,9.094947017729282e-13,"{""shunt_injections_mvar"": {""6"": 140.0}}",benchmark_candidates_not_installed,True,secure,0.9665084007724003,0.6718973728790174
0.5,branch_9_sustained,branch,9,bounded,rate_a,True,False,False,not_converged_or_infeasible,,,,,,,,,,,,False,False,3.979039320256561e-13,"{""shunt_injections_mvar"": {""6"": 140.0}}",benchmark_candidates_not_installed,True,secure,0.9665083223771566,0.8446710032247697
0.5,branch_11_immediate,branch,11,fixed,rate_c,True,True,True,secure,0.0,0.9948525712075318,0.8022189747093371,9,0.0,0.0,0.25953171081108906,0.25953171081108195,3.519952892790725,0.0002506627572955722,52.11623914516349,True,True,5.684341886080801e-13,,,True,secure,0.9948525712075318,0.8022189747093371
0.5,branch_11_sustained,branch,11,bounded,rate_a,True,True,True,secure,0.0,1.0049765252985192,0.9998263111794746,12,0.0,0.0,0.8422280833903741,98.49999408863806,301.6252712494675,288.7511290782948,61.47067908630288,True,True,9.094947017729282e-13,,,True,secure,1.0049765252985192,0.9998263111794746
0.5,branch_12_immediate,branch,12,fixed,rate_c,True,True,True,secure,0.0,0.9727185068646768,0.8308286586031189,9,0.0,0.0,0.27877915260977204,0.27877915260976494,3.761502704671571,0.00011282657744970948,52.357926793224124,True,True,8.526512829121202e-13,,,True,secure,0.9727185068646768,0.8308286586031189
0.5,branch_12_sustained,branch,12,bounded,rate_a,True,True,True,secure,0.0,0.9612416806420607,0.9999999643629088,11,0.0,0.0,1.327841951087784,98.49999617096682,301.8010576272921,287.8659916770017,62.53160286542061,True,True,5.684341886080801e-13,,,True,secure,0.9612416806420607,0.9999999643629088
0.5,branch_13_immediate,branch,13,fixed,rate_c,True,True,True,secure,0.0,0.9952124386193896,0.8191389611470942,9,0.0,0.0,0.0983340144367375,0.0983340144367304,1.388943680603604,0.00017843669293426956,49.98530215904066,True,True,5.044853423896711e-13,,,True,secure,0.9952124386193896,0.8191389611470942
0.5,branch_13_sustained,branch,13,bounded,rate_a,True,True,True,secure,0.0,0.9663453251262716,0.9999996980859903,9,0.0,0.0,3.2423783845747103,98.49999292060582,324.3457146815387,309.6610557560833,63.2811958405855,True,True,1.7621459846850485e-12,,,True,secure,0.9663453251262716,0.9999996980859903
0.5,branch_14_immediate,branch,14,fixed,rate_c,True,True,True,secure,0.0,0.9942959227707786,0.8248151758488744,9,0.0,0.0,0.12870732723735046,0.12870732723734335,1.8200024880392593,5.197778894228122e-05,50.41648742538064,True,True,2.1600499167107046e-12,,,True,secure,0.9942959227707786,0.8248151758488744
0.5,branch_14_sustained,branch,14,bounded,rate_a,True,True,True,secure,0.0,0.9501008657842703,0.999999947617342,9,0.0,0.0,1.1837438846621282,98.499997953328,303.4574630342526,286.4777274488836,65.57627250049927,True,True,8.526512829121202e-13,,,True,secure,0.9501008657842703,0.999999947617342
0.5,branch_15_immediate,branch,15,fixed,rate_c,True,True,True,secure,0.0,1.0049414381192314,0.7894986742602994,9,0.0,0.0,0.27132869797069503,0.2713286979706879,3.818616331495642,0.00011295756917206745,52.41504028905638,True,True,7.958078640513122e-13,,,True,secure,1.0049414381192314,0.7894986742602994
0.5,branch_15_sustained,branch,15,bounded,rate_a,True,True,True,secure,0.0,0.9940630393943213,0.9203354238215349,16,0.0,0.0,1.7489668824208522,98.49999747048227,314.7933475266714,294.47835516647865,68.91152927532312,True,True,8.810729923425242e-13,,,True,secure,0.9940630393943213,0.9203354238215349
0.5,branch_16_immediate,branch,16,fixed,rate_c,True,True,True,secure,0.0,1.0056187229430515,0.7965750243630572,9,0.0,0.0,0.33924936777659553,0.33924936777658843,4.790483175665557,0.00015814862051399814,53.386861942175074,True,True,1.4779288903810084e-12,,,True,secure,1.0056187229430515,0.7965750243630572
0.5,branch_16_sustained,branch,16,bounded,rate_a,True,True,True,secure,0.0,0.9956829170325511,0.9080334399557175,15,0.0,0.0,1.63523444944013,98.49999166524026,305.2334291141373,283.29881844173485,70.53114758753281,True,True,5.684341886080801e-13,,,True,secure,0.9956829170325511,0.9080334399557175
0.5,branch_17_immediate,branch,17,fixed,rate_c,True,True,True,secure,0.0,1.0059016493060338,0.8082125897501495,9,0.0,0.0,0.09289431630281086,0.09289431630280376,1.3146406947263207,0.00017765706354566646,49.910999952792736,True,True,6.821210263296962e-13,,,True,secure,1.0059016493060338,0.8082125897501495
0.5,branch_17_sustained,branch,17,bounded,rate_a,True,True,True,secure,0.0,0.9983213746016625,0.9831588701129481,9,0.0,0.0,1.4748779741157136,98.49999661821766,309.44238341770176,290.4926551587051,67.5462651741268,True,True,1.3073986337985843e-12,,,True,secure,0.9983213746016625,0.9831588701129481
0.5,branch_18_immediate,branch,18,fixed,rate_c,True,True,True,secure,0.0,0.9957793260154562,0.8034486354145085,9,0.0,0.0,0.4569500734274712,0.4569500734274641,6.398919048302941,6.167067346041222e-05,54.995394292759556,True,True,1.1368683772161603e-12,,,True,secure,0.9957793260154562,0.8034486354145085
0.5,branch_18_sustained,branch,18,bounded,rate_a,True,True,True,secure,0.0,0.989813415494899,0.9613676399042368,9,0.0,0.0,3.2423762533508693,98.49999912250792,308.8887769585873,292.53538400351977,64.9499298701976,True,True,1.0231815394945443e-12,,,True,secure,0.989813415494899,0.9613676399042368
0.5,branch_19_immediate,branch,19,fixed,rate_c,True,True,True,secure,0.0,1.0056933956736585,0.8061235461871131,9,0.0,0.0,0.07387925810959928,0.07387925810959217,1.0433344431969926,0.008443189333632972,49.63142816899335,True,True,2.9558577807620168e-12,,,True,secure,1.0056933956736585,0.8061235461871131
0.5,branch_19_sustained,branch,19,bounded,rate_a,True,True,True,secure,0.0,0.9899430778301058,0.9685943378878294,9,0.0,0.0,3.24237824582697,98.49999411079253,313.50383739611834,297.3984345283641,64.70193978288444,True,True,1.1937117960769683e-12,,,True,secure,0.9899430778301058,0.9685943378878294
0.5,branch_20_immediate,branch,20,fixed,rate_c,True,True,True,secure,0.0,0.999834420657479,0.8050660827709444,9,0.0,0.0,0.7467152474893339,0.7467152474893268,10.528425093893398,0.0,59.12496200902342,True,True,1.4779288903810084e-12,,,True,secure,0.999834420657479,0.8050660827709444
0.5,branch_20_sustained,branch,20,bounded,rate_a,True,True,True,secure,0.0,0.9908904315292909,0.9611747555521799,9,0.0,0.0,2.2027535845233075,98.49999332022023,259.00366283977405,234.0732519265431,73.52694782836124,True,True,1.3642420526593924e-12,,,True,secure,0.9908904315292909,0.9611747555521799
0.5,branch_21_immediate,branch,21,fixed,rate_c,True,True,True,secure,0.0,1.0019118778042644,0.8058371960911621,9,0.0,0.0,0.6469399087969734,0.6469399087969663,9.158186153771616,0.00017808227771354268,57.75454498662384,True,True,1.2363443602225743e-12,,,True,secure,1.0019118778042644,0.8058371960911621
0.5,branch_21_sustained,branch,21,bounded,rate_a,True,True,True,secure,0.0,0.9992319219875869,0.9664217912775805,9,0.0,0.0,3.2423779441868774,98.49999465764293,308.3344224252914,293.99461366754025,62.93634567288109,True,True,2.2737367544323206e-13,,,True,secure,0.9992319219875869,0.9664217912775805
0.5,branch_22_immediate,branch,22,fixed,rate_c,True,True,True,secure,0.0,0.976412237079908,0.7994305841590329,9,0.0,0.0,2.6252081911597784,2.6252081911597713,29.41067040776466,3.2865519798974674e-05,78.00717445737519,True,True,6.139089236967266e-12,,,True,secure,0.976412237079908,0.7994305841590329
0.5,branch_22_sustained,branch,22,bounded,rate_a,True,True,True,secure,0.0,0.9722326056479459,0.9329114425271112,9,0.0,0.0,4.267419773062791,98.49999858663008,315.23779294549183,279.97679354024956,83.85753632037222,True,True,7.958078640513122e-13,,,True,secure,0.9722326056479459,0.9329114425271112
0.5,branch_23_immediate,branch,23,fixed,rate_c,True,True,True,secure,0.0,0.9993712013495972,0.8069491419888538,9,0.0,0.0,0.05920582147028597,0.05920582147027886,0.8372991075778451,0.0009620221881618818,49.43287400051986,True,True,9.094947017729282e-13,,,True,secure,0.9993712013495972,0.8069491419888538
0.5,branch_23_sustained,branch,23,bounded,rate_a,True,True,True,secure,0.0,0.9946288090048299,0.9806436112114435,9,0.0,0.0,0.9560549890639898,98.4999938546751,318.13191158614717,306.3507883279805,60.37766017329659,True,True,1.1368683772161603e-12,,,True,secure,0.9946288090048299,0.9806436112114435
0.5,branch_24_immediate,branch,24,fixed,rate_c,True,True,True,secure,0.0,1.0023170936448007,0.8095025703355148,9,0.0,0.0,0.30299008329787824,0.30299008329787114,4.310155278803166,9.368479898341775e-05,52.906598509134255,True,True,4.547473508864641e-13,,,True,secure,1.0023170936448007,0.8095025703355148
0.5,branch_24_sustained,branch,24,bounded,rate_a,True,True,True,secure,0.0,0.9979176131177907,0.9835387600778895,9,0.0,0.0,3.242376351835496,98.49999858107162,305.9447410167759,290.3618566175171,64.17942131438895,True,True,1.0231815394945443e-12,,,True,secure,0.9979176131177907,0.9835387600778895
0.5,branch_25_immediate,branch,25,fixed,rate_c,True,True,True,secure,0.0,1.0023170936448007,0.8095025703355148,9,0.0,0.0,0.30299008329787824,0.30299008329787114,4.310155278803166,9.368479898341775e-05,52.906598509134255,True,True,4.547473508864641e-13,,,True,secure,1.0023170936448007,0.8095025703355148
0.5,branch_25_sustained,branch,25,bounded,rate_a,True,True,True,secure,0.0,0.9959250372562368,0.9713726020374005,9,0.0,0.0,3.242376470623171,98.49999849349828,308.30413048941716,294.2746196293275,62.62604777521983,True,True,1.7692514120426495e-12,,,True,secure,0.9959250372562368,0.9713726020374005
0.5,branch_26_immediate,branch,26,fixed,rate_c,True,False,False,not_converged_or_infeasible,,,,,,,,,,,,False,False,2.7000623958883807e-12,"{""corrective_open_branch_indices"": [6]}",benchmark_candidates_not_installed,True,secure,0.9528456465929279,0.8406739792050767
0.5,branch_26_sustained,branch,26,bounded,rate_a,True,False,False,not_converged_or_infeasible,,,,,,,,,,,,False,False,1.1368683772161603e-12,"{""corrective_open_branch_indices"": [6]}",benchmark_candidates_not_installed,True,secure,0.9500000000754826,0.9999999991255355
0.5,branch_27_immediate,branch,27,fixed,rate_c,True,True,True,secure,0.0,0.9961986951849308,0.8067242830374539,9,0.0,0.0,0.7715091779299712,0.7715091779299641,10.925571539323489,0.0,59.5221084544537,True,True,2.9274360713316128e-12,,,True,secure,0.9961986951849308,0.8067242830374539
0.5,branch_27_sustained,branch,27,bounded,rate_a,True,True,True,secure,0.0,0.9895935701956703,0.9703216793021324,9,0.0,0.0,2.741582778538671,98.49999994804818,254.09851494229926,230.4503722369046,72.24467962052495,True,True,3.410605131648481e-13,,,True,secure,0.9895935701956703,0.9703216793021324
0.5,branch_28_immediate,branch,28,fixed,rate_c,True,True,True,secure,0.0,1.000773642931429,0.8071309015740026,9,0.0,0.0,0.1394786516852733,0.1394786516852662,1.9720852738350025,6.745768391169804e-05,50.56855473128144,True,True,8.100187187665142e-13,,,True,secure,1.000773642931429,0.8071309015740026
0.5,branch_28_sustained,branch,28,bounded,rate_a,True,True,True,secure,0.0,0.9950920518298115,0.977396408023392,9,0.0,0.0,0.8013966569202644,98.49999322316918,301.7485784138483,289.50810444092383,60.837010888054465,True,True,6.252776074688882e-13,,,True,secure,0.9950920518298115,0.977396408023392
0.5,branch_29_immediate,branch,29,fixed,rate_c,True,True,True,secure,0.0,1.0020204669290778,0.808220023428271,9,0.0,0.0,0.2113702508787938,0.2113702508787867,2.998073380799104,0.00018093118457329638,51.59442936474488,True,True,1.8189894035458565e-12,,,True,secure,1.0020204669290778,0.808220023428271
0.5,branch_29_sustained,branch,29,bounded,rate_a,True,True,True,secure,0.0,0.9973859057650903,0.9804008908863618,9,0.0,0.0,0.9646426317689567,98.49999732634845,302.570418394188,288.2851250550918,62.881830254226315,True,True,2.5011104298755527e-12,,,True,secure,0.9973859057650903,0.9804008908863618
0.5,branch_30_immediate,branch,30,fixed,rate_c,True,True,True,secure,0.0,1.002657355730239,0.8082962096666703,9,0.0,0.0,0.2940563336548436,0.2940563336548365,4.176339003074071,6.190501711955676e-05,52.772814013187144,True,True,1.2505552149377763e-12,,,True,secure,1.002657355730239,0.8082962096666703
0.5,branch_30_sustained,branch,30,bounded,rate_a,True,True,True,secure,0.0,0.9969244870368298,0.9802123491156879,9,0.0,0.0,1.6191420554925635,98.49999546116604,328.53372229845326,313.37067183465416,63.759587378929155,True,True,1.2505552149377763e-12,,,True,secure,0.9969244870368298,0.9802123491156879
0.5,branch_31_immediate,branch,31,fixed,rate_c,True,True,True,secure,0.0,1.002712020456243,0.8094257008948855,9,0.0,0.0,0.014349309574491542,0.014349309574484437,0.2037469642266041,0.02833249156982731,48.771951387786885,True,True,3.751665644813329e-12,,,True,secure,1.002712020456243,0.8094257008948855
0.5,branch_31_sustained,branch,31,bounded,rate_a,True,True,True,secure,0.0,0.9970715719371256,0.9794690647390955,9,0.0,0.0,0.8603116524132801,98.49999448542303,256.0365960613819,242.9663115169405,61.666821459571565,True,True,4.121147867408581e-12,,,True,secure,0.9970715719371256,0.9794690647390955
0.5,branch_32_immediate,branch,32,fixed,rate_c,True,True,True,secure,0.0,1.002712020456243,0.8094257008948855,9,0.0,0.0,0.014349309574491542,0.014349309574484437,0.2037469642266041,0.02833249156982731,48.771951387786885,True,True,8.526512829121202e-13,,,True,secure,1.002712020456243,0.8094257008948855
0.5,branch_32_sustained,branch,32,bounded,rate_a,True,True,True,secure,0.0,0.9967522659976793,0.9780295370825564,9,0.0,0.0,1.0271218584945458,98.49999585644917,255.1751412068407,241.85778282948058,61.91389529249045,True,True,5.4001247917767614e-12,,,True,secure,0.9967522659976793,0.9780295370825564
0.5,branch_33_immediate,branch,33,fixed,rate_c,True,True,True,secure,0.0,1.0028009600576184,0.809688636514936,9,0.0,0.0,0.014921285721847255,0.01492128572184015,0.2119845352340839,0.02742657445543273,48.78109487590882,True,True,7.958078640513122e-13,,,True,secure,1.0028009600576184,0.809688636514936
0.5,branch_33_sustained,branch,33,bounded,rate_a,True,True,True,secure,0.0,0.9978646909693033,0.9810163680404244,9,0.0,0.0,0.8703720727324651,98.49999510558604,256.099857851808,242.8990475007226,61.79734726621564,True,True,6.0254023992456496e-12,,,True,secure,0.9978646909693033,0.9810163680404244
0.5,branch_34_immediate,branch,34,fixed,rate_c,True,True,True,secure,0.0,1.0028009600576184,0.809688636514936,9,0.0,0.0,0.014921285721847255,0.01492128572184015,0.2119845352340839,0.02742657445543273,48.78109487590882,True,True,3.552713678800501e-13,,,True,secure,1.0028009600576184,0.809688636514936
0.5,branch_34_sustained,branch,34,bounded,rate_a,True,True,True,secure,0.0,0.9978646909693029,0.9810163680404237,9,0.0,0.0,0.8703720727326569,98.49999510558604,256.0998578518064,242.89904750072134,61.79734726621518,True,True,3.240074875066057e-12,,,True,secure,0.9978646909693029,0.9810163680404237
0.5,branch_35_immediate,branch,35,fixed,rate_c,True,True,True,secure,0.0,1.0027274834606215,0.8091747552608826,9,0.0,0.0,0.040122692721595854,0.04012269272158875,0.570164070778489,0.00347606125087907,49.1632249246577,True,True,6.821210263296962e-13,,,True,secure,1.0027274834606215,0.8091747552608826
0.5,branch_35_sustained,branch,35,bounded,rate_a,True,True,True,secure,0.0,0.9979667017684226,0.9811512720937654,9,0.0,0.0,0.9041840056620529,98.49999596033851,256.28001120223644,242.67417435687116,62.20237376049545,True,True,1.0942358130705543e-12,,,True,secure,0.9979667017684226,0.9811512720937654
0.5,branch_36_immediate,branch,36,fixed,rate_c,True,True,True,secure,0.0,1.0027274834606215,0.8091747552608826,9,0.0,0.0,0.040122692721595854,0.04012269272158875,0.570164070778489,0.00347606125087907,49.1632249246577,True,True,6.821210263296962e-13,,,True,secure,1.0027274834606215,0.8091747552608826
0.5,branch_36_sustained,branch,36,bounded,rate_a,True,True,True,secure,0.0,0.997966700411723,0.9811512750654158,9,0.0,0.0,0.9041839589827312,98.49999596111692,256.2800114873011,242.6741746576547,62.20237374477665,True,True,1.0942358130705543e-12,,,True,secure,0.997966700411723,0.9811512750654158
0.5,branch_37_immediate,branch,37,fixed,rate_c,True,True,True,secure,0.0,1.0025823699501233,0.8087660945441842,9,0.0,0.0,0.3784297623776496,0.3784297623776425,5.381067515562774,1.1484515084703162e-05,53.97759294617799,True,True,1.0231815394945443e-12,,,True,secure,1.0025823699501233,0.8087660945441842
0.5,branch_37_sustained,branch,37,bounded,rate_a,True,True,True,secure,0.0,0.9967427173001702,0.9785642182433407,9,0.0,0.0,1.3968457967881633,98.49998909627473,257.607927543711,239.39661987564335,66.80784458319795,True,True,5.684341886080801e-13,,,True,secure,0.9967427173001702,0.9785642182433407
0.5,generator_0_sustained,generator,0,bounded,rate_a,True,True,True,secure,0.0,0.9996750608476379,0.9991164991121793,9,0.0,0.0,1.1960433781333641,98.49999899937563,302.7906240243158,270.52616080543373,61.620273379166065,True,True,6.252776074688882e-13,,,True,secure,0.9996750608476379,0.9991164991121793
0.5,generator_1_sustained,generator,1,bounded,rate_a,True,True,True,secure,0.0,0.9984594088722712,0.9941186620663138,9,0.0,0.0,1.6335819056753103,98.49999733778756,271.09741394778456,237.7913734836714,62.661850624397175,True,True,8.384404281969182e-13,,,True,secure,0.9984594088722712,0.9941186620663138
0.5,generator_2_sustained,generator,2,bounded,rate_a,True,True,True,secure,0.0,0.9974649697475614,0.9999999506984134,9,0.0,0.0,1.353425696570696,98.49999950052415,294.267827990852,202.844641564052,64.01972608246206,True,True,1.0231815394945443e-12,,,True,secure,0.9974649697475614,0.9999999506984134
0.5,generator_3_sustained,generator,3,bounded,rate_a,True,True,True,secure,0.0,0.9962164681499355,0.999999527383942,9,0.0,0.0,1.1297529455090576,98.49999456544583,295.404557821289,204.13468619820048,63.86641127875055,True,True,1.0942358130705543e-12,,,True,secure,0.9962164681499355,0.999999527383942
0.5,generator_4_sustained,generator,4,bounded,rate_a,True,True,True,secure,0.0,0.998555437816965,0.9965082774732611,9,0.0,0.0,1.6354810900882732,98.49999662690897,271.1036303765041,237.77869096293583,62.67910042022277,True,True,5.826450433232822e-13,,,True,secure,0.998555437816965,0.9965082774732611
0.5,generator_5_sustained,generator,5,bounded,rate_a,True,True,True,secure,0.0,0.9980475144326881,0.994413884767788,9,0.0,0.0,2.0055923591157665,98.49999721895651,268.69281604002094,235.30719073174308,62.739786314932644,True,True,6.821210263296962e-13,,,True,secure,0.9980475144326881,0.994413884767788
0.5,generator_6_sustained,generator,6,bounded,rate_a,True,True,True,secure,0.0,0.9970290505228764,0.9865467021747693,9,0.0,0.0,3.2423771817156855,98.49999689405556,321.3164692780449,234.87565979962278,59.03734913268818,True,True,9.663381206337363e-13,,,True,secure,0.9970290505228764,0.9865467021747693
0.5,generator_7_sustained,generator,7,bounded,rate_a,True,True,True,secure,0.0,0.9917069609453713,0.9999998027988701,9,0.0,0.0,1.674851491442471,98.49999755015054,292.5596804493187,200.9516333690634,64.2045867345214,True,True,5.115907697472721e-13,,,True,secure,0.9917069609453713,0.9999998027988701
0.5,generator_8_sustained,generator,8,bounded,rate_a,True,True,True,secure,0.0,0.9964085339080969,0.9588245796494933,9,0.0,0.0,3.4112032687189675,98.49999816690541,318.9374555808272,244.63878491104367,62.246759012566145,True,True,1.7053025658242404e-13,,,True,secure,0.9964085339080969,0.9588245796494933
0.5,generator_9_sustained,generator,9,bounded,rate_a,True,True,True,secure,0.0,0.9969055549873903,0.9740901125037014,9,0.0,0.0,2.0666874173749044,98.49999563604334,283.47549257225717,205.0053911466137,66.41818976842569,True,True,5.684341886080801e-13,,,True,secure,0.9969055549873903,0.9740901125037014
0.5,generator_10_sustained,generator,10,bounded,rate_a,True,True,True,secure,0.0,0.9970836694512732,0.9756414183782088,9,0.0,0.0,3.2423773155677154,98.49999623612305,308.28739755517665,231.05764625157454,65.17783964638465,True,True,1.7053025658242404e-12,,,True,secure,0.9970836694512732,0.9756414183782088
0.5,generator_11_sustained,generator,11,bounded,rate_a,True,True,True,secure,0.0,0.9889380151237558,0.9404928719085038,9,0.0,0.0,5.2190817664155915,98.49999971059054,230.03383088015227,141.9459052733156,57.425708880074126,True,True,6.252776074688882e-13,,,True,secure,0.9889380151237558,0.9404928719085038
0.5,generator_12_sustained,generator,12,bounded,rate_a,True,True,True,secure,0.0,0.9886647599807341,0.9366928421792139,9,0.0,0.0,4.463786444484846,98.49999807646753,227.81177469276122,139.59561087742406,57.55394708857466,True,True,9.094947017729282e-13,,,True,secure,0.9886647599807341,0.9366928421792139
0.5,generator_13_sustained,generator,13,bounded,rate_a,True,True,True,secure,0.0,0.98892026560204,0.9407369678482032,9,0.0,0.0,5.218887873597588,98.49999971841785,230.03383107905813,141.62723889308234,57.42406298562901,True,True,6.821210263296962e-13,,,True,secure,0.98892026560204,0.9407369678482032
0.5,generator_15_sustained,generator,15,bounded,rate_a,True,True,True,secure,0.0,0.9956062890088949,0.9740885031307318,9,0.0,0.0,3.2423770072549374,98.49999737074356,315.2624774650182,300.18709647399965,58.15422560201341,True,True,5.968558980384842e-13,,,True,secure,0.9956062890088949,0.9740885031307318
0.5,generator_16_sustained,generator,16,bounded,rate_a,True,True,True,secure,0.0,0.9960823935457499,0.9755787969643079,9,0.0,0.0,1.7212498552836095,98.49999705104338,255.60538304896818,237.23858663135542,61.44564102860795,True,True,3.410605131648481e-13,,,True,secure,0.9960823935457499,0.9755787969643079
0.5,generator_17_sustained,generator,17,bounded,rate_a,True,True,True,secure,0.0,0.9954460726938322,0.9743863692999952,9,0.0,0.0,3.2423768520719065,98.49999756107582,250.27009567400938,232.49619095306878,60.852749331935684,True,True,2.4797941478027496e-12,,,True,secure,0.9954460726938322,0.9743863692999952
0.5,generator_18_sustained,generator,18,bounded,rate_a,True,True,True,secure,0.0,0.9951764067176793,0.9738550694249385,9,0.0,0.0,3.2423767736072975,98.49999789676656,248.46138499759707,230.72158655790082,60.81864305069121,True,True,4.547473508864641e-13,,,True,secure,0.9951764067176793,0.9738550694249385
0.5,generator_19_sustained,generator,19,bounded,rate_a,True,True,True,secure,0.0,0.9952415559833503,0.9715255583216621,9,0.0,0.0,3.2423769352639056,98.49999740336577,310.97013380442957,296.14086619224076,57.90811222318371,True,True,3.979039320256561e-13,,,True,secure,0.9952415559833503,0.9715255583216621
0.5,generator_20_sustained,generator,20,bounded,rate_a,True,True,True,secure,0.0,0.992213536115284,0.9480842704840693,9,0.0,0.0,3.242376849963339,98.4999971955566,328.53376117246256,167.08607752574247,55.044223411928215,True,True,3.410605131648481e-13,,,True,secure,0.992213536115284,0.9480842704840693
0.5,generator_21_sustained,generator,21,bounded,rate_a,True,True,True,secure,0.0,0.9914032519797996,0.9506291589956535,9,0.0,0.0,3.3634885206635623,98.49999783048764,328.53378143224995,167.3082997658022,54.822021420628516,True,True,6.252776074688882e-13,,,True,secure,0.9914032519797996,0.9506291589956535
0.5,generator_22_sustained,generator,22,bounded,rate_a,True,True,True,secure,0.0,1.0149067030739174,0.9407494775289448,9,0.0,0.0,4.920710760213488,98.49999914351463,407.2369198541808,22.126164239793567,33.7072954443579,True,True,2.2737367544323206e-13,,,True,secure,1.0149067030739174,0.9407494775289448
0.5,generator_23_sustained,generator,23,bounded,rate_a,True,True,True,secure,0.0,1.0144823253486828,0.9412684241685664,9,0.0,0.0,3.421886709155899,98.49999866521489,407.2369073949499,23.801006577419017,32.03244065805029,True,True,2.8421709430404007e-13,,,True,secure,1.0144823253486828,0.9412684241685664
0.5,generator_24_sustained,generator,24,bounded,rate_a,True,True,True,secure,0.0,0.997656176634677,0.9829459923984294,9,0.0,0.0,0.8300639571498856,98.49999463479818,328.4865905975744,269.2883804139093,57.79475009981206,True,True,3.410605131648481e-13,,,True,secure,0.997656176634677,0.9829459923984294
0.5,generator_25_sustained,generator,25,bounded,rate_a,True,True,True,secure,0.0,0.9921722686426552,0.9521882309741251,9,0.0,0.0,3.242376977699486,98.49999660554641,310.48796003749663,256.04483661830903,53.03966333533435,True,True,8.526512829121202e-13,,,True,secure,0.9921722686426552,0.9521882309741251
0.5,generator_26_sustained,generator,26,bounded,rate_a,True,True,True,secure,0.0,0.9971532455789531,0.9806205814829978,9,0.0,0.0,0.9078399742676666,98.49999486330651,302.4948826973121,242.64937413458162,58.442048478877496,True,True,4.547473508864641e-13,,,True,secure,0.9971532455789531,0.9806205814829978
0.5,generator_27_sustained,generator,27,bounded,rate_a,True,True,True,secure,0.0,0.9927879094583133,0.9597682828345363,9,0.0,0.0,3.242377097165466,98.49999670743532,320.2123271757992,265.3177899072509,53.491077184695314,True,True,9.663381206337363e-13,,,True,secure,0.9927879094583133,0.9597682828345363
0.5,generator_28_sustained,generator,28,bounded,rate_a,True,True,True,secure,0.0,0.9979038078701947,0.9840257515206724,9,0.0,0.0,0.6497589715463405,98.49999610195621,306.0480817300283,246.63872200294142,58.00589964323353,True,True,3.410605131648481e-13,,,True,secure,0.9979038078701947,0.9840257515206724
0.5,generator_29_sustained,generator,29,bounded,rate_a,True,True,True,secure,0.0,0.9918185187439482,0.9519349267108086,9,0.0,0.0,3.2423768867301206,98.49999668628575,305.30427079453244,251.08926137619156,52.81154933448761,True,True,5.684341886080801e-13,,,True,secure,0.9918185187439482,0.9519349267108086
0.5,generator_30_sustained,generator,30,bounded,rate_a,True,True,True,secure,0.0,0.9895950980903282,0.9478944645127643,9,0.0,0.0,3.242376415199974,98.49999888137896,328.53380617623714,168.5094324905599,53.620913452041805,True,True,7.105427357601002e-13,,,True,secure,0.9895950980903282,0.9478944645127643
0.5,generator_31_sustained,generator,31,bounded,rate_a,True,True,True,secure,0.0,0.989609143885908,0.9503803767524648,9,0.0,0.0,3.2423764186008412,98.49999887349375,328.5338059901475,168.50589184090245,53.62445391561005,True,True,4.547473508864641e-13,,,True,secure,0.989609143885908,0.9503803767524648
0.5,generator_32_sustained,generator,32,bounded,rate_a,True,True,True,secure,0.0,1.0039446122301994,0.9289424643439025,9,0.0,0.0,3.5105706363500673,98.49999609744572,369.34899850342055,28.716010640855195,39.22952762892646,True,True,2.8421709430404007e-13,,,True,secure,1.0039446122301994,0.9289424643439025
