relative_hour,source_start_time_microseconds,source_end_time_microseconds,eligible_domain_count,complete_valid_domain_count,measured_power_util_unweighted_mean,measured_power_util_unweighted_median,peak_normalized_unweighted_mean
0,600000000,3900000000,55,55,0.655757575758,0.679333333333,0.894105883787
1,4200000000,7500000000,55,55,0.658154545455,0.6715,0.897374080432
2,7800000000,11100000000,55,55,0.666528787879,0.67075,0.908792110053
3,11400000000,14700000000,55,55,0.671445454545,0.677333333333,0.915495838317
4,15000000000,18300000000,55,55,0.669354545455,0.653416666667,0.912644946174
5,18600000000,21900000000,55,55,0.676843939394,0.668833333333,0.922856511293
6,22200000000,25500000000,55,55,0.687392424242,0.685416666667,0.93723905557
7,25800000000,29100000000,55,55,0.698113636364,0.690833333333,0.951857108328
8,29400000000,32700000000,55,55,0.70508030303,0.722833333333,0.961355950411
9,33000000000,36300000000,55,55,0.711145454545,0.730333333333,0.96962560349
10,36600000000,39900000000,55,55,0.705957575758,0.697833333333,0.962552085593
11,40200000000,43500000000,55,55,0.701516666667,0.691333333333,0.956497038584
12,43800000000,47100000000,55,55,0.697172727273,0.684,0.950574206863
13,47400000000,50700000000,55,55,0.683951515152,0.681166666667,0.932547478716
14,51000000000,54300000000,55,55,0.676937878788,0.676833333333,0.922984594853
15,54600000000,57900000000,55,55,0.672281818182,0.67975,0.916636195175
16,58200000000,61500000000,55,55,0.665522727273,0.677083333333,0.907420376442
17,61800000000,65100000000,55,55,0.668390909091,0.6805,0.911331056751
18,65400000000,68700000000,55,55,0.669634848485,0.687916666667,0.91302713099
19,69000000000,72300000000,55,55,0.670698484848,0.695166666667,0.914477367428
20,72600000000,75900000000,55,55,0.663892424242,0.67325,0.905197506915
21,76200000000,79500000000,55,55,0.662624242424,0.657666666667,0.903468378855
22,79800000000,83100000000,55,55,0.665207575758,0.658666666667,0.906990676756
23,83400000000,86700000000,55,55,0.668551515152,0.660916666667,0.911550038322
24,87000000000,90300000000,55,55,0.668542424242,0.670666666667,0.911537643139
25,90600000000,93900000000,55,55,0.666524242424,0.665666666667,0.908785912461
26,94200000000,97500000000,55,55,0.669143939394,0.67225,0.912357791096
27,97800000000,101100000000,55,55,0.676893939394,0.685166666667,0.922924684801
28,101400000000,104700000000,55,54,0.684546296296,0.693375,0.933358445056
29,105000000000,108300000000,55,55,0.691068181818,0.703083333333,0.942250841323
30,108600000000,111900000000,55,55,0.690737878788,0.710833333333,0.941800482999
31,112200000000,115500000000,55,54,0.703532407407,0.720041666667,0.959245440925
32,115800000000,119100000000,55,55,0.713460606061,0.72325,0.972782243487
33,119400000000,122700000000,55,55,0.716472727273,0.71725,0.976889180864
34,123000000000,126300000000,55,55,0.708492424242,0.716416666667,0.966008275851
35,126600000000,129900000000,55,55,0.708242424242,0.708333333333,0.965667408312
36,130200000000,133500000000,55,55,0.712751515152,0.702666666667,0.971815419195
37,133800000000,137100000000,55,55,0.707553030303,0.7005,0.96472744025
38,137400000000,140700000000,55,55,0.701490909091,0.701666666667,0.956461918898
39,141000000000,144300000000,55,55,0.693456060606,0.692916666667,0.945506642785
40,144600000000,147900000000,55,55,0.677928787879,0.673916666667,0.924335669825
41,148200000000,151500000000,55,55,0.674654545455,0.676583333333,0.919871337998
42,151800000000,155100000000,55,55,0.669877272727,0.6725,0.91335766921
43,155400000000,158700000000,55,55,0.673253030303,0.684583333333,0.917960413916
44,159000000000,162300000000,55,55,0.670640909091,0.68375,0.914398864601
45,162600000000,165900000000,55,55,0.673016666667,0.685833333333,0.917638139152
46,166200000000,169500000000,55,55,0.66746969697,0.6845,0.910075011517
47,169800000000,173100000000,55,55,0.673328787879,0.686333333333,0.91806370711
48,173400000000,176700000000,55,55,0.668415151515,0.6895,0.911364110573
49,177000000000,180300000000,55,55,0.668627272727,0.685,0.911653331515
50,180600000000,183900000000,55,55,0.669425757576,0.68325,0.912742041776
51,184200000000,187500000000,55,55,0.676603030303,0.687166666667,0.922528038937
52,187800000000,191100000000,55,55,0.685266666667,0.69875,0.934340648557
53,191400000000,194700000000,55,55,0.699233333333,0.714416666667,0.953383781729
54,195000000000,198300000000,55,55,0.704143939394,0.709,0.960079246538
55,198600000000,201900000000,55,55,0.709421212121,0.716416666667,0.967274650404
56,202200000000,205500000000,55,55,0.712062121212,0.713583333333,0.970875451133
57,205800000000,209100000000,55,55,0.711448484848,0.701916666667,0.970038776265
58,209400000000,212700000000,55,55,0.709383333333,0.699416666667,0.967223003807
59,213000000000,216300000000,55,55,0.711743939394,0.707833333333,0.97044161972
60,216600000000,219900000000,55,55,0.702521212121,0.696333333333,0.957866706331
61,220200000000,223500000000,55,55,0.701383333333,0.695833333333,0.956315242563
62,223800000000,227100000000,55,55,0.702722727273,0.709916666667,0.958141466226
63,227400000000,230700000000,55,55,0.688913636364,0.682833333333,0.939313182897
64,231000000000,234300000000,55,55,0.670690909091,0.674416666667,0.914467038109
65,234600000000,237900000000,55,55,0.655875757576,0.659583333333,0.894267021169
66,238200000000,241500000000,55,55,0.656284848485,0.66325,0.894824804414
67,241800000000,245100000000,55,55,0.657821212121,0.66825,0.896919590381
68,245400000000,248700000000,55,55,0.654660606061,0.6675,0.892610198344
69,249000000000,252300000000,55,55,0.654795454545,0.666083333333,0.892794060228
70,252600000000,255900000000,55,55,0.653318181818,0.6665,0.890779842953
71,256200000000,259500000000,55,55,0.661713636364,0.652833333333,0.902226794668
72,259800000000,263100000000,55,54,0.666294753086,0.656458333333,0.908473010598
73,263400000000,266700000000,55,55,0.668816666667,0.656333333333,0.911911564499
74,267000000000,270300000000,55,55,0.671553030303,0.648666666667,0.915642514652
75,270600000000,273900000000,55,55,0.676046969697,0.649166666667,0.921769866896
76,274200000000,277500000000,55,55,0.683242424242,0.660916666667,0.931580654424
77,277800000000,281100000000,55,55,0.690468181818,0.684333333333,0.94143275923
78,281400000000,284700000000,55,55,0.697954545455,0.704583333333,0.951640192621
79,285000000000,288300000000,55,55,0.699022727273,0.707083333333,0.953096626651
80,288600000000,291900000000,55,55,0.703318181818,0.713583333333,0.958953350728
81,292200000000,295500000000,55,55,0.704189393939,0.701916666667,0.960141222454
82,295800000000,299100000000,55,55,0.705192424242,0.710583333333,0.961508824338
83,299400000000,302700000000,55,55,0.704577272727,0.708416666667,0.960670083606
84,303000000000,306300000000,55,55,0.703948484848,0.703416666667,0.959812750099
85,306600000000,309900000000,55,55,0.69921969697,0.69875,0.953365188954
86,310200000000,313500000000,55,55,0.686440909091,0.68725,0.935941693058
87,313800000000,317100000000,55,55,0.675434848485,0.688916666667,0.920935257892
88,317400000000,320700000000,55,55,0.657974242424,0.667583333333,0.897128242632
89,321000000000,324300000000,55,55,0.657360606061,0.671583333333,0.896291567763
90,324600000000,327900000000,55,55,0.648528787879,0.66775,0.884249647254
91,328200000000,331500000000,55,55,0.647798484848,0.66275,0.883253900867
92,331800000000,335100000000,55,55,0.648846969697,0.666083333333,0.884683478667
93,335400000000,338700000000,55,55,0.65401969697,0.6685,0.891736337926
94,339000000000,342300000000,55,55,0.654218181818,0.657,0.892006966093
95,342600000000,345900000000,55,55,0.65321969697,0.661,0.890645561801
96,346200000000,349500000000,55,55,0.663159090909,0.67825,0.904197628801
97,349800000000,353100000000,55,55,0.666284848485,0.672416666667,0.908459505969
98,353400000000,356700000000,55,55,0.664846969697,0.658166666667,0.906499001155
99,357000000000,360300000000,55,55,0.666922727273,0.659583333333,0.909329234659
100,360600000000,363900000000,55,55,0.6699,0.659833333333,0.913388657168
101,364200000000,367500000000,55,55,0.676104545455,0.671833333333,0.921848369724
102,367800000000,371100000000,55,55,0.686472727273,0.681083333333,0.935985076199
103,371400000000,374700000000,55,55,0.692604545455,0.688083333333,0.944345627289
104,375000000000,378300000000,55,55,0.69798030303,0.701166666667,0.951675312307
105,378600000000,381900000000,55,55,0.699781818182,0.69625,0.954131624451
106,382200000000,385500000000,55,55,0.695445454545,0.684916666667,0.948219122049
107,385800000000,389100000000,55,55,0.690346969697,0.683833333333,0.94126749012
108,389400000000,392700000000,55,54,0.69174845679,0.689,0.943178375945
109,393000000000,396300000000,55,54,0.682648148148,0.680458333333,0.930770376706
110,396600000000,399900000000,55,55,0.66873030303,0.675416666667,0.911793810259
111,400200000000,403500000000,55,55,0.647507575758,0.654416666667,0.882857255004
112,403800000000,407100000000,55,55,0.641327272727,0.636583333333,0.87443059627
113,407400000000,410700000000,55,55,0.644163636364,0.661833333333,0.878297893439
114,411000000000,414300000000,55,55,0.643113636364,0.654166666667,0.876866249775
115,414600000000,417900000000,55,55,0.635577272727,0.648083333333,0.866590642876
116,418200000000,421500000000,55,55,0.636583333333,0.6465,0.867962376487
117,421800000000,425100000000,55,55,0.646460606061,0.652333333333,0.881429743069
118,425400000000,428700000000,55,55,0.648863636364,0.646833333333,0.884706203169
119,429000000000,432300000000,55,55,0.647362121212,0.639583333333,0.882658932072
120,432600000000,435900000000,55,55,0.655234848485,0.654833333333,0.893393160751
121,436200000000,439500000000,55,55,0.658624242424,0.66075,0.898014498233
122,439800000000,443100000000,55,55,0.660842424242,0.671583333333,0.901038922941
123,443400000000,446700000000,55,55,0.672887878788,0.681333333333,0.917462540723
124,447000000000,450300000000,55,55,0.669577272727,0.679,0.912948628163
125,450600000000,453900000000,55,55,0.675433333333,0.701583333333,0.920933192028
126,454200000000,457500000000,55,55,0.681310606061,0.704833333333,0.928946677988
127,457800000000,461100000000,55,55,0.687615151515,0.70375,0.937542737559
128,461400000000,464700000000,55,55,0.689492424242,0.699083333333,0.940102342896
129,465000000000,468300000000,55,55,0.690851515152,0.69675,0.941955422789
130,468600000000,471900000000,55,55,0.705687878788,0.70675,0.962184361824
131,472200000000,475500000000,55,55,0.701460606061,0.704166666667,0.956420601621
132,475800000000,479100000000,55,55,0.703842424242,0.703333333333,0.959668139628
133,479400000000,482700000000,55,55,0.696321212121,0.686666666667,0.949413191367
134,483000000000,486300000000,55,55,0.681042424242,0.685666666667,0.928581020082
135,486600000000,489900000000,55,55,0.669133333333,0.678916666667,0.912343330049
136,490200000000,493500000000,55,55,0.658193939394,0.6755,0.897427792893
137,493800000000,497100000000,55,55,0.65695,0.666083333333,0.895731718654
138,497400000000,500700000000,55,55,0.655566666667,0.675333333333,0.893845584939
139,501000000000,504300000000,55,55,0.657575757576,0.671583333333,0.896584920433
140,504600000000,507900000000,55,55,0.655234848485,0.661833333333,0.893393160751
141,508200000000,511500000000,55,55,0.654945454545,0.662666666667,0.892998580752
142,511800000000,515100000000,55,55,0.653678787879,0.661833333333,0.891271518555
143,515400000000,518700000000,55,55,0.658977272727,0.6685,0.898495844515
144,519000000000,522300000000,55,55,0.661375757576,0.672666666667,0.901766107024
145,522600000000,525900000000,55,55,0.658518181818,0.665583333333,0.897869887762
146,526200000000,529500000000,55,55,0.656925757576,0.665666666667,0.895698664832
147,529800000000,533100000000,55,55,0.666945454545,0.675583333333,0.909360222617
148,533400000000,536700000000,55,55,0.680110606061,0.700583333333,0.927310513801
149,537000000000,540300000000,55,55,0.687492424242,0.701916666667,0.937375402585
150,540600000000,543900000000,55,55,0.689215151515,0.7085,0.939724289808
151,544200000000,547500000000,55,55,0.694354545455,0.7125,0.946731700061
152,547800000000,551100000000,55,55,0.695556060606,0.702416666667,0.948369930112
153,551400000000,554700000000,55,55,0.693557575758,0.699,0.945645055665
154,555000000000,558300000000,55,55,0.701804545455,0.706833333333,0.95688955272
155,558600000000,561900000000,55,55,0.699954545455,0.711,0.954367132932
156,562200000000,565500000000,55,54,0.692398148148,0.690041666667,0.944064210722
157,565800000000,569100000000,55,55,0.684716666667,0.685416666667,0.933590739972
158,569400000000,572700000000,55,55,0.682298484848,0.682166666667,0.930293621232
159,573000000000,576300000000,55,55,0.672825757576,0.67225,0.917377840305
160,576600000000,579900000000,55,55,0.662240909091,0.67375,0.902945715295
161,580200000000,583500000000,55,55,0.663645454545,0.678333333333,0.904860771104
162,583800000000,587100000000,55,55,0.657939393939,0.679333333333,0.897080727763
163,587400000000,590700000000,55,55,0.654828787879,0.670166666667,0.892839509233
164,591000000000,594300000000,55,55,0.657934848485,0.682666666667,0.897074530171
165,594600000000,597900000000,55,55,0.65073030303,0.661916666667,0.88725134746
166,598200000000,601500000000,55,55,0.652036363636,0.650083333333,0.889032122117
167,601800000000,605100000000,55,55,0.657107575758,0.656083333333,0.895946568497
168,605400000000,608700000000,55,55,0.657874242424,0.662416666667,0.896991895616
169,609000000000,612300000000,55,55,0.654992424242,0.671833333333,0.893062622532
170,612600000000,615900000000,55,55,0.658656060606,0.66875,0.898057881374
171,616200000000,619500000000,55,55,0.6692,0.675833333333,0.912434228059
172,619800000000,623100000000,55,55,0.679890909091,0.6965,0.92701096354
173,623400000000,626700000000,55,55,0.68881969697,0.706333333333,0.939185099337
174,627000000000,630300000000,55,55,0.688454545455,0.701916666667,0.938687226144
175,630600000000,633900000000,55,55,0.696596969697,0.707166666667,0.949789178592
176,634200000000,637500000000,55,55,0.699365151515,0.703416666667,0.953563511886
177,637800000000,641100000000,55,55,0.697645454545,0.6995,0.951218756391
178,641400000000,644700000000,55,55,0.6936,0.693333333333,0.945702899853
179,645000000000,648300000000,55,55,0.698822727273,0.696333333333,0.95282393262
180,648600000000,651900000000,55,55,0.70725,0.711166666667,0.964314267476
181,652200000000,655500000000,55,55,0.708533333333,0.7215,0.966064054175
182,655800000000,659100000000,55,55,0.700296969697,0.706583333333,0.954834018167
183,659400000000,662700000000,55,55,0.678284848485,0.6875,0.924821147835
184,663000000000,666300000000,55,55,0.667731818182,0.67875,0.910432405967
185,666600000000,669900000000,55,55,0.672651515152,0.695333333333,0.917140265959
186,670200000000,673500000000,55,55,0.670712121212,0.683916666667,0.914495960203
187,673800000000,677100000000,55,55,0.657104545455,0.67075,0.895942436769
188,677400000000,680700000000,55,55,0.655122727273,0.6875,0.893240286825
189,681000000000,684300000000,55,55,0.658340909091,0.686416666667,0.897628181689
190,684600000000,687900000000,55,55,0.654762121212,0.668,0.892748611223
191,688200000000,691500000000,55,55,0.656971212121,0.659583333333,0.895760640748
192,691800000000,695100000000,55,55,0.656533333333,0.66425,0.895163606089
193,695400000000,698700000000,55,55,0.659743939394,0.67075,0.899541171634
194,699000000000,702300000000,55,55,0.657984848485,0.6605,0.897142703679
195,702600000000,705900000000,55,55,0.662233333333,0.672583333333,0.902935385976
196,706200000000,709500000000,55,55,0.674663636364,0.6965,0.919883733181
197,709800000000,713100000000,55,55,0.683596969697,0.70725,0.93206406657
198,713400000000,716700000000,55,55,0.685242424242,0.700666666667,0.934307594735
199,717000000000,720300000000,55,55,0.689821212121,0.702666666667,0.940550635356
200,720600000000,723900000000,55,55,0.69621969697,0.7175,0.949274778488
201,724200000000,727500000000,55,55,0.710451515152,0.726166666667,0.968679437837
202,727800000000,731100000000,55,55,0.712163636364,0.723333333333,0.971013864012
203,731400000000,734700000000,55,55,0.709324242424,0.718833333333,0.967142435116
204,735000000000,738300000000,55,55,0.701734848485,0.691166666667,0.956794522982
205,738600000000,741900000000,55,55,0.707828787879,0.711833333333,0.965103427475
206,742200000000,745500000000,55,55,0.706696969697,0.709583333333,0.963560227162
207,745800000000,749100000000,55,55,0.701140909091,0.71975,0.955984704344
208,749400000000,752700000000,55,55,0.699096969697,0.712833333333,0.953197853981
209,753000000000,756300000000,55,55,0.690837878788,0.696166666667,0.941936830015
210,756600000000,759900000000,55,55,0.683072727273,0.699416666667,0.931349277671
211,760200000000,763500000000,55,55,0.674,0.700166666667,0.918978884805
212,763800000000,767100000000,55,55,0.667912121212,0.695083333333,0.910678243768
213,767400000000,770700000000,55,55,0.673922727273,0.695333333333,0.918873525748
214,771000000000,774300000000,55,54,0.670711419753,0.688,0.914495003785
215,774600000000,777900000000,55,55,0.673872727273,0.699083333333,0.91880535224
216,778200000000,781500000000,55,55,0.670477272727,0.6885,0.914175751303
217,781800000000,785100000000,55,55,0.675596969697,0.688666666667,0.921156305326
218,785400000000,788700000000,55,55,0.690890909091,0.704666666667,0.94200913525
219,789000000000,792300000000,55,55,0.700872727273,0.703583333333,0.955619046439
220,792600000000,795900000000,55,55,0.700784848485,0.7065,0.955499226334
221,796200000000,799500000000,55,55,0.709254545455,0.722833333333,0.967047405378
222,799800000000,803100000000,55,55,0.712939393939,0.719,0.972071586315
223,803400000000,806700000000,55,55,0.717840909091,0.726333333333,0.978754655941
224,807000000000,810300000000,55,54,0.71850308642,0.728083333333,0.979657514966
225,810600000000,813900000000,55,55,0.713046969697,0.721083333333,0.97221826265
226,814200000000,817500000000,55,55,0.716731818182,0.72375,0.977242443586
227,817800000000,821100000000,55,55,0.714990909091,0.720833333333,0.974868765998
228,821400000000,824700000000,55,55,0.710556060606,0.70875,0.968821982444
229,825000000000,828300000000,55,55,0.711383333333,0.714333333333,0.969949944118
230,828600000000,831900000000,55,55,0.7126,0.721166666667,0.971608832808
231,832200000000,835500000000,55,55,0.707157575758,0.720833333333,0.964188249779
232,835800000000,839100000000,55,55,0.702103030303,0.71675,0.957296527903
233,839400000000,842700000000,55,55,0.693813636364,0.70325,0.945994186659
234,843000000000,846300000000,55,55,0.688166666667,0.6995,0.938294712008
235,846600000000,849900000000,55,55,0.685063636364,0.70375,0.934063822798
236,850200000000,853500000000,55,55,0.686275757576,0.711916666667,0.935716513896
237,853800000000,857100000000,55,55,0.682625757576,0.69675,0.930739847828
238,857400000000,860700000000,55,55,0.681775757576,0.6985,0.929580898196
239,861000000000,864300000000,55,55,0.687545454545,0.692166666667,0.937447707821
240,864600000000,867900000000,55,55,0.67716969697,0.682666666667,0.923300672026
241,868200000000,871500000000,55,55,0.682784848485,0.68025,0.930956763535
242,871800000000,875100000000,55,54,0.683569444444,0.671125,0.93202653671
243,875400000000,878700000000,55,55,0.681895454545,0.668,0.929744101442
244,879000000000,882300000000,55,55,0.687704545455,0.671083333333,0.937664623527
245,882600000000,885900000000,55,55,0.688412121212,0.672166666667,0.938629381956
246,886200000000,889500000000,55,55,0.69048030303,0.691,0.941449286141
247,889800000000,893100000000,55,55,0.700151515152,0.701416666667,0.954635695235
248,893400000000,896700000000,55,55,0.710148484848,0.716083333333,0.968266265063
249,897000000000,900300000000,55,55,0.712,0.729666666667,0.970790750714
250,900600000000,903900000000,55,55,0.714201515152,0.731416666667,0.97379245092
251,904200000000,907500000000,55,55,0.716018181818,0.72875,0.976269421703
252,907800000000,911100000000,55,55,0.709340909091,0.717666666667,0.967165159619
253,911400000000,914700000000,55,55,0.702653030303,0.709083333333,0.958046436488
254,915000000000,918300000000,55,55,0.697004545455,0.699583333333,0.950344895973
255,918600000000,921900000000,55,55,0.690283333333,0.686416666667,0.941180723837
256,922200000000,925500000000,55,55,0.687906060606,0.686083333333,0.937939383422
257,925800000000,929100000000,55,55,0.679859090909,0.67225,0.926967580398
258,929400000000,932700000000,55,55,0.665336363636,0.653416666667,0.907166275185
259,933000000000,936300000000,55,55,0.658243939394,0.638916666667,0.897495966401
260,936600000000,939900000000,55,55,0.656137878788,0.64025,0.894624415619
261,940200000000,943500000000,55,55,0.655022727273,0.644666666667,0.893103939809
262,943800000000,947100000000,55,55,0.665413636364,0.6585,0.907271634243
263,947400000000,950700000000,55,55,0.661228787879,0.662,0.901565718229
264,951000000000,954300000000,55,55,0.656137878788,0.663333333333,0.894624415619
265,954600000000,957900000000,55,55,0.664821212121,0.666583333333,0.906463881469
266,958200000000,961500000000,55,55,0.678709090909,0.673416666667,0.925399589719
267,961800000000,965100000000,55,55,0.680648484848,0.674416666667,0.928043895476
268,965400000000,968700000000,55,55,0.685046969697,0.674333333333,0.934041098296
269,969000000000,972300000000,55,55,0.680939393939,0.677416666667,0.928440541339
270,972600000000,975900000000,55,55,0.684592424242,0.670166666667,0.933421339134
271,976200000000,979500000000,55,55,0.691903030303,0.693,0.943389132317
272,979800000000,983100000000,55,55,0.70415,0.704916666667,0.960087509994
273,983400000000,986700000000,55,55,0.711348484848,0.712083333333,0.969902429249
274,987000000000,990300000000,55,55,0.715095454545,0.71625,0.975011310605
275,990600000000,993900000000,55,55,0.717493939394,0.72225,0.978281573114
276,994200000000,997500000000,55,55,0.710833333333,0.71625,0.969200035533
277,997800000000,1001100000000,55,55,0.704153030303,0.70625,0.960091641721
278,1001400000000,1004700000000,55,54,0.698223765432,0.706833333333,0.952007266026
279,1005000000000,1008300000000,55,55,0.679236363636,0.66475,0.926118510347
280,1008600000000,1011900000000,55,55,0.668060606061,0.650083333333,0.910880698427
281,1012200000000,1015500000000,55,54,0.656305555556,0.651708333333,0.894853037887
282,1015800000000,1019100000000,55,55,0.655172727273,0.678833333333,0.893308460332
283,1019400000000,1022700000000,55,55,0.667268181818,0.6835,0.909800251622
284,1023000000000,1026300000000,55,55,0.662201515152,0.66675,0.902892002834
285,1026600000000,1029900000000,55,55,0.657148484848,0.642583333333,0.896002346821
286,1030200000000,1033500000000,55,55,0.657731818182,0.651666666667,0.896797704412
287,1033800000000,1037100000000,55,55,0.660574242424,0.6655,0.900673265036
288,1037400000000,1040700000000,55,55,0.668322727273,0.676916666667,0.911238092877
289,1041000000000,1044300000000,55,55,0.66441969697,0.6645,0.905916427543
290,1044600000000,1047900000000,55,55,0.671018181818,0.682083333333,0.914913264705
291,1048200000000,1051500000000,55,55,0.669075757576,0.6665,0.912264827221
292,1051800000000,1055100000000,55,55,0.686209090909,0.694,0.935625615886
293,1055400000000,1058700000000,55,55,0.696363636364,0.69825,0.949471035556
294,1059000000000,1062300000000,55,55,0.698148484848,0.698166666667,0.951904623197
295,1062600000000,1065900000000,55,55,0.708634848485,0.716416666667,0.966202467055
296,1066200000000,1069500000000,55,55,0.710274242424,0.71525,0.968437731764
297,1069800000000,1073100000000,55,55,0.716325757576,0.727083333333,0.976688792069
298,1073400000000,1076700000000,55,55,0.716257575758,0.730666666667,0.976595828194
299,1077000000000,1080300000000,55,55,0.712268181818,0.720333333333,0.97115640862
300,1080600000000,1083900000000,55,55,0.710301515152,0.72075,0.968474917314
301,1084200000000,1087500000000,55,55,0.709154545455,0.719083333333,0.966911058363
302,1087800000000,1091100000000,55,55,0.705134848485,0.715166666667,0.96143032151
303,1091400000000,1094700000000,55,55,0.699996969697,0.70775,0.954424977121
304,1095000000000,1098300000000,55,55,0.694412121212,0.700166666667,0.946810202888
305,1098600000000,1101900000000,55,54,0.68999845679,0.7045,0.940792303173
306,1102200000000,1105500000000,55,55,0.687983333333,0.709916666667,0.93804474248
307,1105800000000,1109100000000,55,55,0.681766666667,0.703166666667,0.929568503013
308,1109400000000,1112700000000,55,55,0.687153030303,0.701333333333,0.936912649078
309,1113000000000,1116300000000,55,55,0.687665151515,0.688166666667,0.937610911067
310,1116600000000,1119900000000,55,55,0.668128787879,0.66225,0.910973662301
311,1120200000000,1123500000000,55,55,0.665398484848,0.64575,0.907250975604
312,1123800000000,1127100000000,55,55,0.672293939394,0.651666666667,0.916652722086
313,1127400000000,1130700000000,55,55,0.667356060606,0.656,0.909920071727
314,1131000000000,1134300000000,55,55,0.668793939394,0.667333333333,0.911880576541
315,1134600000000,1137900000000,55,55,0.676766666667,0.683333333333,0.922751152236
316,1138200000000,1141500000000,55,55,0.681301515152,0.682916666667,0.928934282804
317,1141800000000,1145100000000,55,55,0.692825757576,0.694666666667,0.944647243415
318,1145400000000,1148700000000,55,55,0.701151515152,0.714416666667,0.955999165391
319,1149000000000,1152300000000,55,55,0.698604545455,0.712166666667,0.952526448222
320,1152600000000,1155900000000,55,55,0.707375757576,0.71675,0.964485734177
321,1156200000000,1159500000000,55,55,0.714039393939,0.722333333333,0.973571403486
322,1159800000000,1163100000000,55,55,0.715801515152,0.72375,0.975974003169
323,1163400000000,1166700000000,55,55,0.719345454545,0.721333333333,0.980806058766
324,1167000000000,1170300000000,55,55,0.720551515152,0.716833333333,0.982450486408
325,1170600000000,1173900000000,55,55,0.715510606061,0.718666666667,0.975577357306
326,1174200000000,1177500000000,55,55,0.719931818182,0.72875,0.981605548084
327,1177800000000,1181100000000,55,55,0.713793939394,0.724833333333,0.973236733539
328,1181400000000,1184700000000,55,55,0.711904545455,0.719083333333,0.97066060129
329,1185000000000,1188300000000,55,55,0.709781818182,0.71225,0.967766326006
330,1188600000000,1191900000000,55,55,0.695171212121,0.695083333333,0.947845200688
331,1192200000000,1195500000000,55,55,0.685425757576,0.689166666667,0.934557564264
332,1195800000000,1199100000000,55,55,0.678051515152,0.68075,0.924503004799
333,1199400000000,1202700000000,55,55,0.673551515152,0.679666666667,0.918367389099
334,1203000000000,1206300000000,55,55,0.668690909091,0.67275,0.911740097798
335,1206600000000,1209900000000,55,55,0.669357575758,0.675,0.912649077902
336,1210200000000,1213500000000,55,55,0.66761969697,0.679916666667,0.910279532041
337,1213800000000,1217100000000,55,55,0.667362121212,0.670833333333,0.909928335182
338,1217400000000,1220700000000,55,55,0.670763636364,0.671583333333,0.914566199575
339,1221000000000,1224300000000,55,55,0.677536363636,0.688166666667,0.923800611083
340,1224600000000,1227900000000,55,55,0.673707575758,0.683416666667,0.918580173078
341,1228200000000,1231500000000,55,54,0.691141975309,0.71125,0.942351456545
342,1231800000000,1235100000000,55,55,0.691931818182,0.698916666667,0.94342838373
343,1235400000000,1238700000000,55,55,0.697945454545,0.693083333333,0.951627797438
344,1239000000000,1242300000000,55,55,0.704631818182,0.71,0.960744454705
345,1242600000000,1245900000000,55,55,0.714427272727,0.71175,0.974100264637
346,1246200000000,1249500000000,55,55,0.714765151515,0.711583333333,0.974560952281
347,1249800000000,1253100000000,55,55,0.714433333333,0.70975,0.974108528093
348,1253400000000,1256700000000,55,55,0.719715151515,0.71625,0.98131012955
349,1257000000000,1260300000000,55,55,0.720362121212,0.716583333333,0.982192253424
350,1260600000000,1263900000000,55,55,0.719077272727,0.719916666667,0.98044040086
351,1264200000000,1267500000000,55,55,0.714678787879,0.7195,0.97444319804
352,1267800000000,1271100000000,55,55,0.711486363636,0.710666666667,0.970090422862
353,1271400000000,1274700000000,55,54,0.709114197531,0.714583333333,0.966856045173
354,1275000000000,1278300000000,55,55,0.699271212121,0.695083333333,0.953435428326
355,1278600000000,1281900000000,55,55,0.692071212121,0.691083333333,0.943618443206
356,1282200000000,1285500000000,55,55,0.690939393939,0.70475,0.942075242894
357,1285800000000,1289100000000,55,55,0.684398484848,0.700166666667,0.933156908559
358,1289400000000,1292700000000,55,55,0.680853030303,0.68375,0.928322787098
359,1293000000000,1296300000000,55,55,0.673571212121,0.6605,0.91839424533
360,1296600000000,1299900000000,55,55,0.672198484848,0.668083333333,0.916522572662
361,1300200000000,1303500000000,55,55,0.672203030303,0.671833333333,0.916528770253
362,1303800000000,1307100000000,55,55,0.668116666667,0.668916666667,0.910957135391
363,1307400000000,1310700000000,55,55,0.668948484848,0.673833333333,0.912091294656
364,1311000000000,1314300000000,55,55,0.677362121212,0.68075,0.923563036737
365,1314600000000,1317900000000,55,55,0.695634848485,0.71025,0.948477355033
366,1318200000000,1321500000000,55,55,0.703096969697,0.70875,0.958651734603
367,1321800000000,1325100000000,55,55,0.709607575758,0.711833333333,0.96752875166
368,1325400000000,1328700000000,55,55,0.716287878788,0.715083333333,0.976637145472
369,1329000000000,1332300000000,55,55,0.721815151515,0.7205,0.984173416877
370,1332600000000,1335900000000,55,54,0.726149691358,0.733583333333,0.99008343259
371,1336200000000,1339500000000,55,55,0.725542424242,0.72625,0.989255442002
372,1339800000000,1343100000000,55,55,0.719865151515,0.72,0.981514650074
373,1343400000000,1346700000000,55,55,0.717724242424,0.709166666667,0.978595584423
374,1347000000000,1350300000000,55,55,0.713575757576,0.717166666667,0.972939249141
375,1350600000000,1353900000000,55,55,0.702672727273,0.71175,0.958073292718
376,1354200000000,1357500000000,55,55,0.688331818182,0.699583333333,0.93851989117
377,1357800000000,1361100000000,55,55,0.680942424242,0.691083333333,0.928444673067
378,1361400000000,1364700000000,55,55,0.675336363636,0.69325,0.92080097674
379,1365000000000,1368300000000,55,55,0.670753030303,0.67525,0.914551738528
380,1368600000000,1371900000000,55,55,0.664286363636,0.6685,0.905734631522
381,1372200000000,1375500000000,55,54,0.661578703704,0.662375,0.902042818013
382,1375800000000,1379100000000,55,55,0.659821212121,0.659166666667,0.899646530692
383,1379400000000,1382700000000,55,55,0.660881818182,0.661833333333,0.901092635402
384,1383000000000,1386300000000,55,55,0.674245454545,0.67825,0.919313554753
385,1386600000000,1389900000000,55,55,0.675522727273,0.6855,0.921055077997
386,1390200000000,1393500000000,55,55,0.667762121212,0.677166666667,0.910473723244
387,1393800000000,1397100000000,55,55,0.669081818182,0.678166666667,0.912273090677
388,1397400000000,1400700000000,55,55,0.670566666667,0.68375,0.914297637271
389,1401000000000,1404300000000,55,55,0.676848484848,0.696666666667,0.922862708885
390,1404600000000,1407900000000,55,55,0.684151515152,0.694833333333,0.932820172748
391,1408200000000,1411500000000,55,55,0.693654545455,0.69975,0.945777270953
392,1411800000000,1415100000000,55,55,0.702928787879,0.7005,0.958422423713
393,1415400000000,1418700000000,55,55,0.712015151515,0.705666666667,0.970811409353
394,1419000000000,1422300000000,55,55,0.719140909091,0.735,0.980527167143
395,1422600000000,1425900000000,55,55,0.719781818182,0.726666666667,0.981401027561
396,1426200000000,1429500000000,55,55,0.71676969697,0.729666666667,0.977294090183
397,1429800000000,1433100000000,55,55,0.714112121212,0.721916666667,0.973670564952
398,1433400000000,1436700000000,55,55,0.709936363636,0.726083333333,0.967977044121
399,1437000000000,1440300000000,55,55,0.700128787879,0.715833333333,0.954604707277
400,1440600000000,1443900000000,55,55,0.696798484848,0.71075,0.950063938487
401,1444200000000,1447500000000,55,55,0.68683030303,0.71175,0.936472620073
402,1447800000000,1451100000000,55,55,0.682977272727,0.714,0.931219128247
403,1451400000000,1454700000000,55,55,0.676043939394,0.69725,0.921765735169
404,1455000000000,1458300000000,55,55,0.672948484848,0.701416666667,0.917545175278
405,1458600000000,1461900000000,55,55,0.669324242424,0.679833333333,0.912603628896
406,1462200000000,1465500000000,55,55,0.673996969697,0.667833333333,0.918974753078
407,1465800000000,1469100000000,55,55,0.672777272727,0.668,0.917311732661
408,1469400000000,1472700000000,55,55,0.668890909091,0.66475,0.912012791829
409,1473000000000,1476300000000,55,55,0.68526969697,0.69325,0.934344780285
410,1476600000000,1479900000000,55,55,0.680892424242,0.6965,0.928376499559
411,1480200000000,1483500000000,55,55,0.672312121212,0.653333333333,0.916677512452
412,1483800000000,1487100000000,55,55,0.6769,0.657166666667,0.922932948256
413,1487400000000,1490700000000,55,55,0.675851515152,0.654,0.921503370457
414,1491000000000,1494300000000,55,55,0.678006060606,0.66375,0.924441028883
415,1494600000000,1497900000000,55,55,0.698521212121,0.698583333333,0.952412825709
416,1498200000000,1501500000000,55,55,0.710075757576,0.7165,0.968167103597
417,1501800000000,1505100000000,55,55,0.709240909091,0.713666666667,0.967028812603
418,1505400000000,1508700000000,55,55,0.70125,0.711666666667,0.956133446543
419,1509000000000,1512300000000,55,55,0.697528787879,0.701166666667,0.951059684873
420,1512600000000,1515900000000,55,55,0.698090909091,0.6875,0.95182612037
421,1516200000000,1519500000000,55,55,0.698106060606,0.699666666667,0.951846779008
422,1519800000000,1523100000000,55,55,0.690877272727,0.696333333333,0.941990542475
423,1523400000000,1526700000000,55,55,0.677592424242,0.67325,0.923877048046
424,1527000000000,1530300000000,55,55,0.665378787879,0.65375,0.907224119374
425,1530600000000,1533900000000,55,55,0.656077272727,0.635833333333,0.894541781064
426,1534200000000,1537500000000,55,55,0.647046969697,0.633333333333,0.882229232387
427,1537800000000,1541100000000,55,55,0.642440909091,0.626166666667,0.875949006216
428,1541400000000,1544700000000,55,55,0.644884848485,0.616083333333,0.879281244642
429,1545000000000,1548300000000,55,55,0.647275757576,0.62825,0.882541177832
430,1548600000000,1551900000000,55,55,0.647178787879,0.6365,0.882408962544
431,1552200000000,1555500000000,55,55,0.652162121212,0.6465,0.889203588819
432,1555800000000,1559100000000,55,55,0.65496969697,0.653083333333,0.893031634573
433,1559400000000,1562700000000,55,55,0.660034848485,0.679416666667,0.899937817497
434,1563000000000,1566300000000,55,55,0.662909090909,0.666833333333,0.903856761263
435,1566600000000,1569900000000,55,55,0.668133333333,0.671916666667,0.910979859893
436,1570200000000,1573500000000,55,55,0.672160606061,0.6765,0.916470926065
437,1573800000000,1577100000000,55,55,0.677151515152,0.693833333333,0.923275881659
438,1577400000000,1580700000000,55,55,0.679306060606,0.68575,0.926213540085
439,1581000000000,1584300000000,55,55,0.693622727273,0.71375,0.945733887811
440,1584600000000,1587900000000,55,55,0.697504545455,0.717416666667,0.951026631051
441,1588200000000,1591500000000,55,55,0.699846969697,0.714666666667,0.954220456597
442,1591800000000,1595100000000,55,55,0.699933333333,0.702,0.954338210838
443,1595400000000,1598700000000,55,55,0.69643030303,0.69275,0.949561933566
444,1599000000000,1602300000000,55,55,0.687156060606,0.68825,0.936916780806
445,1602600000000,1605900000000,55,55,0.6836,0.673666666667,0.932068198298
446,1606200000000,1609500000000,55,55,0.675465151515,0.66925,0.92097657517
447,1609800000000,1613100000000,55,55,0.664760606061,0.656583333333,0.906381246914
448,1613400000000,1616700000000,55,55,0.660528787879,0.655833333333,0.90061128912
449,1617000000000,1620300000000,55,55,0.657062121212,0.642666666667,0.895884592581
450,1620600000000,1623900000000,55,55,0.643777272727,0.6235,0.877771098151
451,1624200000000,1627500000000,55,55,0.646015151515,0.627583333333,0.88082237909
452,1627800000000,1631100000000,55,55,0.651613636364,0.628333333333,0.888455746097
453,1631400000000,1634700000000,55,55,0.650586363636,0.635333333333,0.887055090392
454,1635000000000,1638300000000,55,55,0.654051515152,0.65175,0.891779721067
455,1638600000000,1641900000000,55,55,0.643540909091,0.64475,0.877448823387
456,1642200000000,1645500000000,55,55,0.646784848485,0.64875,0.881871837937
457,1645800000000,1649100000000,55,55,0.654556060606,0.647416666667,0.892467653736
458,1649400000000,1652700000000,55,55,0.658307575758,0.6535,0.897582732683
459,1653000000000,1656300000000,55,55,0.667753030303,0.681,0.910461328061
460,1656600000000,1659900000000,55,55,0.676937878788,0.68925,0.922984594853
461,1660200000000,1663500000000,55,55,0.68951969697,0.712666666667,0.940139528446
462,1663800000000,1667100000000,55,55,0.701895454545,0.731166666667,0.957013504552
463,1667400000000,1670700000000,55,54,0.711705246914,0.739708333333,0.970388863678
464,1671000000000,1674300000000,55,55,0.714939393939,0.731916666667,0.974798526626
465,1674600000000,1677900000000,55,55,0.723059090909,0.737,0.985869491116
466,1678200000000,1681500000000,55,55,0.723016666667,0.7325,0.985811646927
467,1681800000000,1685100000000,55,55,0.722368181818,0.72975,0.98492745719
468,1685400000000,1688700000000,55,55,0.720415151515,0.726666666667,0.982264558659
469,1689000000000,1692300000000,55,55,0.713163636364,0.71625,0.972377334168
470,1692600000000,1695900000000,55,55,0.710437878788,0.710333333333,0.968660845062
471,1696200000000,1699500000000,55,55,0.695463636364,0.6895,0.948243912416
472,1699800000000,1703100000000,55,55,0.689581818182,0.682916666667,0.940224228865
473,1703400000000,1706700000000,55,55,0.688560606061,0.694166666667,0.938831836615
474,1707000000000,1710300000000,55,55,0.681834848485,0.68775,0.929661466887
475,1710600000000,1713900000000,55,55,0.681812121212,0.68425,0.929630478929
476,1714200000000,1717500000000,55,55,0.677848484848,0.674,0.92422617904
477,1717800000000,1721100000000,55,55,0.669098484848,0.6455,0.91229581518
478,1721400000000,1724700000000,55,55,0.668863636364,0.659916666667,0.911975606279
479,1725000000000,1728300000000,55,55,0.671345454545,0.673666666667,0.915359491302
480,1728600000000,1731900000000,55,55,0.670546969697,0.674833333333,0.914270781041
481,1732200000000,1735500000000,55,55,0.674509090909,0.687666666667,0.919673015066
482,1735800000000,1739100000000,55,55,0.679818181818,0.692333333333,0.926911802074
483,1739400000000,1742700000000,55,55,0.673403030303,0.685666666667,0.91816493444
484,1743000000000,1746300000000,55,55,0.686528787879,0.705916666667,0.936061513163
485,1746600000000,1749900000000,55,55,0.699934848485,0.719166666667,0.954340276702
486,1750200000000,1753500000000,55,55,0.70665,0.723083333333,0.963496185382
487,1753800000000,1757100000000,55,55,0.711760606061,0.729666666667,0.970464344223
488,1757400000000,1760700000000,55,55,0.719743939394,0.731666666667,0.981349380964
489,1761000000000,1764300000000,55,55,0.72005,0.724,0.981766685466
490,1764600000000,1767900000000,55,55,0.72575,0.744916666667,0.989538465352
491,1768200000000,1771500000000,55,55,0.7237,0.739833333333,0.986743351534
492,1771800000000,1775100000000,55,55,0.723034848485,0.735583333333,0.985836437294
493,1775400000000,1778700000000,55,55,0.719712121212,0.731666666667,0.981305997823
494,1779000000000,1782300000000,55,55,0.721716666667,0.7375,0.984039135725
495,1782600000000,1785900000000,55,55,0.720201515152,0.737166666667,0.981973271853
496,1786200000000,1789500000000,55,55,0.706360606061,0.723583333333,0.963101605383
497,1789800000000,1793100000000,55,55,0.704166666667,0.72025,0.960110234496
498,1793400000000,1796700000000,55,55,0.700318181818,0.71825,0.954862940261
499,1797000000000,1800300000000,55,55,0.694248484848,0.689083333333,0.94658708959
500,1800600000000,1803900000000,55,55,0.687045454545,0.6685,0.936765972743
501,1804200000000,1807500000000,55,55,0.683993939394,0.682333333333,0.932605322905
502,1807800000000,1811100000000,55,55,0.685386363636,0.680666666667,0.934503851803
503,1811400000000,1814700000000,55,55,0.689201515152,0.67475,0.939705697033
504,1815000000000,1818300000000,55,55,0.694693939394,0.698583333333,0.947194453569
505,1818600000000,1821900000000,55,55,0.687675757576,0.6905,0.937625372114
506,1822200000000,1825500000000,55,55,0.686322727273,0.688666666667,0.935780555676
507,1825800000000,1829100000000,55,55,0.690274242424,0.6915,0.941168328654
508,1829400000000,1832700000000,55,55,0.693613636364,0.693416666667,0.945721492628
509,1833000000000,1836300000000,55,55,0.7004,0.70675,0.954974496911
510,1836600000000,1839900000000,55,55,0.702646969697,0.716666666667,0.958038173033
511,1840200000000,1843500000000,55,55,0.707960606061,0.716583333333,0.965283157632
512,1843800000000,1847100000000,55,55,0.714896969697,0.722333333333,0.974740682437
513,1847400000000,1850700000000,55,55,0.719509090909,0.72975,0.981029172064
514,1851000000000,1854300000000,55,55,0.713862121212,0.7225,0.973329697413
515,1854600000000,1857900000000,55,55,0.726006060606,0.74075,0.989887596347
516,1858200000000,1861500000000,55,55,0.722496969697,0.73175,0.985103055619
517,1861800000000,1865100000000,55,54,0.721557098765,0.738625,0.983821569654
518,1865400000000,1868700000000,55,55,0.720474242424,0.734,0.98234512735
519,1869000000000,1872300000000,55,55,0.716727272727,0.7315,0.977236245995
520,1872600000000,1875900000000,55,54,0.708865740741,0.706875,0.966517281755
521,1876200000000,1879500000000,55,55,0.707878787879,0.721333333333,0.965171600983
522,1879800000000,1883100000000,55,55,0.707886363636,0.718833333333,0.965181930302
523,1883400000000,1886700000000,55,55,0.704063636364,0.7145,0.959969755753
524,1887000000000,1890300000000,55,55,0.695372727273,0.678,0.948119960583
525,1890600000000,1893900000000,55,55,0.687289393939,0.704333333333,0.937098576826
526,1894200000000,1897500000000,55,55,0.686816666667,0.69525,0.936454027298
527,1897800000000,1901100000000,55,55,0.685437878788,0.69,0.934574091175
528,1901400000000,1904700000000,55,55,0.680178787879,0.684166666667,0.927403477675
529,1905000000000,1908300000000,55,55,0.684037878788,0.692166666667,0.932665232957
530,1908600000000,1911900000000,55,55,0.683607575758,0.685333333333,0.932078527618
531,1912200000000,1915500000000,55,55,0.689534848485,0.69475,0.940160187085
532,1915800000000,1919100000000,55,55,0.701910606061,0.711416666667,0.957034163191
533,1919400000000,1922700000000,55,55,0.710695454545,0.724833333333,0.969012041921
534,1923000000000,1926300000000,55,55,0.706865151515,0.7235,0.963789538052
535,1926600000000,1929900000000,55,55,0.713960606061,0.725583333333,0.973463978565
536,1930200000000,1933500000000,55,55,0.721762121212,0.731833333333,0.984101111641
537,1933800000000,1937100000000,55,55,0.723412121212,0.732916666667,0.986350837398
538,1937400000000,1940700000000,55,55,0.729592424242,0.7555,0.994777496132
539,1941000000000,1944300000000,55,55,0.729104545455,0.738916666667,0.994112287965
540,1944600000000,1947900000000,55,54,0.730140432099,0.739583333333,0.995524688489
541,1948200000000,1951500000000,55,55,0.73033030303,0.748666666667,0.995783571837
542,1951800000000,1955100000000,55,55,0.724848484848,0.742333333333,0.988309276349
543,1955400000000,1958700000000,55,55,0.715342424242,0.719083333333,0.975348046416
544,1959000000000,1962300000000,55,55,0.707948484848,0.718333333333,0.965266630721
545,1962600000000,1965900000000,55,55,0.699666666667,0.724416666667,0.953974618796
546,1966200000000,1969500000000,55,55,0.711157575758,0.724666666667,0.969642130401
547,1969800000000,1973100000000,55,55,0.730875757576,0.744666666667,0.996527282831
548,1973400000000,1976700000000,55,55,0.724118181818,0.736166666667,0.987313529962
549,1977000000000,1980300000000,55,55,0.722254545455,0.741666666667,0.9847725174
550,1980600000000,1983900000000,55,55,0.722693939394,0.74125,0.985371617923
551,1984200000000,1987500000000,55,55,0.718506060606,0.725916666667,0.97966157018
552,1987800000000,1991100000000,55,55,0.714818181818,0.71725,0.974633257516
553,1991400000000,1994700000000,55,54,0.714682098765,0.72475,0.974447712335
554,1995000000000,1998300000000,55,55,0.708474242424,0.72375,0.965983485484
555,1998600000000,2001900000000,55,55,0.708354545455,0.722416666667,0.965820282238
556,2002200000000,2005500000000,55,55,0.712024242424,0.715583333333,0.970823804536
557,2005800000000,2009100000000,55,55,0.711998484848,0.718666666667,0.97078868485
558,2009400000000,2012700000000,55,55,0.714075757576,0.719083333333,0.973620984219
559,2013000000000,2016300000000,55,55,0.718790909091,0.715833333333,0.980049952588
560,2016600000000,2019900000000,55,55,0.720857575758,0.720083333333,0.98286779091
561,2020200000000,2023500000000,55,55,0.729683333333,0.734583333333,0.994901447964
562,2023800000000,2027100000000,55,55,0.729193939394,0.73525,0.994234173933
563,2027400000000,2030700000000,55,55,0.729743939394,0.735333333333,0.994984082519
564,2031000000000,2034300000000,55,55,0.728953030303,0.7405,0.993905701578
565,2034600000000,2037900000000,55,55,0.725842424242,0.731333333333,0.989664483049
566,2038200000000,2041500000000,55,55,0.728346969697,0.7355,0.993079356029
567,2041800000000,2045100000000,55,55,0.733216666667,0.747,0.999719042513
568,2045400000000,2048700000000,55,55,0.723428787879,0.730416666667,0.986373561901
569,2049000000000,2052300000000,55,55,0.712166666667,0.7195,0.97101799574
570,2052600000000,2055900000000,55,55,0.710657575758,0.7185,0.968960395324
571,2056200000000,2059500000000,55,55,0.699590909091,0.6865,0.953871325603
572,2059800000000,2063100000000,55,55,0.693560606061,0.704083333333,0.945649187392
573,2063400000000,2066700000000,55,54,0.69087808642,0.705875,0.941991651921
574,2067000000000,2070300000000,55,55,0.688009090909,0.696916666667,0.938079862166
575,2070600000000,2073900000000,55,55,0.691660606061,0.694833333333,0.943058594097
576,2074200000000,2077500000000,55,55,0.69866969697,0.70625,0.952615280369
577,2077800000000,2081100000000,55,55,0.710824242424,0.706333333333,0.96918764035
578,2081400000000,2084700000000,55,55,0.706174242424,0.706666666667,0.962847504127
579,2085000000000,2088300000000,55,55,0.701010606061,0.707416666667,0.955807040051
580,2088600000000,2091900000000,55,55,0.70715,0.710416666667,0.96417792046
581,2092200000000,2095500000000,55,55,0.709216666667,0.71675,0.966995758781
582,2095800000000,2099100000000,55,55,0.708424242424,0.717166666667,0.965915311976
583,2099400000000,2102700000000,55,55,0.719215151515,0.730166666667,0.980628394473
584,2103000000000,2106300000000,55,55,0.723210606061,0.727,0.986076077503
585,2106600000000,2109900000000,55,55,0.725953030303,0.73475,0.989815291111
586,2110200000000,2113500000000,55,55,0.721278787879,0.72575,0.983442101066
587,2113800000000,2117100000000,55,55,0.718371212121,0.725916666667,0.979477708296
588,2117400000000,2120700000000,55,55,0.7193,0.728666666667,0.980744082849
589,2121000000000,2124300000000,55,55,0.713893939394,0.720416666667,0.973373080554
590,2124600000000,2127900000000,55,55,0.711484848485,0.714416666667,0.970088356998
591,2128200000000,2131500000000,55,55,0.709931818182,0.709666666667,0.967970846529
592,2131800000000,2135100000000,55,55,0.701021212121,0.713583333333,0.955821501098
593,2135400000000,2138700000000,55,55,0.702884848485,0.711583333333,0.958362513661
594,2139000000000,2142300000000,55,55,0.691251515152,0.695416666667,0.942500810852
595,2142600000000,2145900000000,55,55,0.689407575758,0.693333333333,0.939986654519
596,2146200000000,2149500000000,55,55,0.68046969697,0.688916666667,0.927800123539
597,2149800000000,2153100000000,55,55,0.679724242424,0.693,0.926783718514
598,2153400000000,2156700000000,55,55,0.676515151515,0.675333333333,0.922408218833
599,2157000000000,2160300000000,55,55,0.680442424242,0.654,0.927762937989
600,2160600000000,2163900000000,55,55,0.682363636364,0.67025,0.930382453379
601,2164200000000,2167500000000,55,55,0.683593939394,0.677083333333,0.932059934843
602,2167800000000,2171100000000,55,55,0.688159090909,0.684833333333,0.938284382689
603,2171400000000,2174700000000,55,55,0.68758030303,0.681666666667,0.93749522269
604,2175000000000,2178300000000,55,55,0.695548484848,0.683416666667,0.948359600792
605,2178600000000,2181900000000,55,55,0.700484848485,0.688083333333,0.955090185287
606,2182200000000,2185500000000,55,55,0.703156060606,0.694833333333,0.958732303294
607,2185800000000,2189100000000,55,55,0.708453030303,0.70875,0.96595456339
608,2189400000000,2192700000000,55,55,0.715554545455,0.71,0.975637267358
609,2193000000000,2196300000000,55,55,0.715496969697,0.711666666667,0.975558764531
610,2196600000000,2199900000000,55,55,0.713309090909,0.709916666667,0.9725756571
611,2200200000000,2203500000000,55,55,0.714392424242,0.714666666667,0.974052749768
612,2203800000000,2207100000000,55,55,0.713493939394,0.713666666667,0.972827692492
613,2207400000000,2210700000000,55,55,0.71311969697,0.710833333333,0.972317424116
614,2211000000000,2214300000000,55,55,0.705548484848,0.706916666667,0.961994302347
615,2214600000000,2217900000000,55,55,0.698468181818,0.70375,0.952340520474
616,2218200000000,2221500000000,55,55,0.696822727273,0.700666666667,0.950096992309
617,2221800000000,2225100000000,55,55,0.698313636364,0.695083333333,0.952129802359
618,2225400000000,2228700000000,55,55,0.69626969697,0.689666666667,0.949342951996
619,2229000000000,2232300000000,55,55,0.694509090909,0.68575,0.946942418176
620,2232600000000,2235900000000,55,55,0.690134848485,0.69325,0.940978269178
621,2236200000000,2239500000000,55,55,0.680557575758,0.6705,0.927919943643
622,2239800000000,2243100000000,55,55,0.679645454545,0.668666666667,0.926676293592
623,2243400000000,2246700000000,55,55,0.677456060606,0.670583333333,0.923691120297
624,2247000000000,2250300000000,55,55,0.682196969697,0.668833333333,0.930155208353
625,2250600000000,2253900000000,55,55,0.685427272727,0.683666666667,0.934559630128
626,2254200000000,2257500000000,55,55,0.693822727273,0.6925,0.946006581842
627,2257800000000,2261100000000,55,55,0.69576969697,0.693916666667,0.948661216918
628,2261400000000,2264700000000,55,55,0.704193939394,0.701916666667,0.960147420046
629,2265000000000,2268300000000,55,55,0.706059090909,0.710333333333,0.962690498472
630,2268600000000,2271900000000,55,54,0.707242283951,0.711041666667,0.964303746873
631,2272200000000,2275500000000,55,55,0.70706969697,0.7105,0.964068429675
632,2275800000000,2279100000000,55,55,0.712871212121,0.716416666667,0.971978622441
633,2279400000000,2282700000000,55,55,0.717181818182,0.71925,0.977856005156
634,2283000000000,2286300000000,55,55,0.717072727273,0.728,0.977707262958
635,2286600000000,2289900000000,55,55,0.725074242424,0.7285,0.988617090065
636,2290200000000,2293500000000,55,55,0.719153030303,0.724666666667,0.980543694054
637,2293800000000,2297100000000,55,55,0.71346969697,0.721166666667,0.97279463867
638,2297400000000,2300700000000,55,55,0.708318181818,0.717333333333,0.965770701505
639,2301000000000,2304300000000,55,55,0.699284848485,0.694083333333,0.953454021101
640,2304600000000,2307900000000,55,55,0.686872727273,0.685,0.936530464262
641,2308200000000,2311500000000,55,55,0.688503030303,0.697083333333,0.938753333788
642,2311800000000,2315100000000,55,55,0.682065151515,0.692833333333,0.929975478196
643,2315400000000,2318700000000,55,55,0.672357575758,0.671833333333,0.916739488368
644,2319000000000,2322300000000,55,55,0.673533333333,0.6755,0.918342598733
645,2322600000000,2325900000000,55,55,0.671556060606,0.662583333333,0.91564664638
646,2326200000000,2329500000000,55,55,0.674675757576,0.673583333333,0.919900260092
647,2329800000000,2333100000000,55,55,0.6739,0.667166666667,0.91884253779
648,2333400000000,2336700000000,55,55,0.679074242424,0.675333333333,0.925897462913
649,2337000000000,2340300000000,55,55,0.684453030303,0.680416666667,0.933231279658
650,2340600000000,2343900000000,55,55,0.680174242424,0.678416666667,0.927397280084
651,2344200000000,2347500000000,55,55,0.679107575758,0.67675,0.925942911918
652,2347800000000,2351100000000,55,55,0.677787878788,0.66825,0.924143544485
653,2351400000000,2354700000000,55,55,0.688281818182,0.685416666667,0.938451717663
654,2355000000000,2358300000000,55,55,0.699742424242,0.70175,0.95407791199
655,2358600000000,2361900000000,55,55,0.708425757576,0.70925,0.96591737784
656,2362200000000,2365500000000,55,55,0.713963636364,0.70875,0.973468110292
657,2365800000000,2369100000000,55,55,0.710728787879,0.711416666667,0.969057490926
658,2369400000000,2372700000000,55,55,0.718896969697,0.718833333333,0.980194563059
659,2373000000000,2376300000000,55,55,0.718196969697,0.716083333333,0.979240133951
660,2376600000000,2379900000000,55,55,0.716224242424,0.72075,0.976550379189
661,2380200000000,2383500000000,55,55,0.712845454545,0.712416666667,0.971943502755
662,2383800000000,2387100000000,55,55,0.715360606061,0.717583333333,0.975372836782
663,2387400000000,2390700000000,55,55,0.711910606061,0.719166666667,0.970668864746
664,2391000000000,2394300000000,55,55,0.702427272727,0.709916666667,0.957738622771
665,2394600000000,2397900000000,55,55,0.697818181818,0.69625,0.951454264873
666,2398200000000,2401500000000,55,55,0.697936363636,0.702083333333,0.951615402255
667,2401800000000,2405100000000,55,55,0.697246969697,0.698833333333,0.950675434193
668,2405400000000,2408700000000,55,55,0.691016666667,0.70325,0.942180601951
669,2409000000000,2412300000000,55,55,0.689898484848,0.670583333333,0.940655994414
670,2412600000000,2415900000000,55,55,0.683933333333,0.667666666667,0.93252268835
671,2416200000000,2419500000000,55,55,0.686546969697,0.672416666667,0.936086303529
672,2419800000000,2423100000000,55,55,0.69561969697,0.685583333333,0.948456696394
673,2423400000000,2426700000000,55,55,0.695951515152,0.703916666667,0.948909120582
674,2427000000000,2430300000000,55,55,0.691074242424,0.688916666667,0.942259104779
675,2430600000000,2433900000000,55,55,0.698222727273,0.7085,0.952005850526
676,2434200000000,2437500000000,55,55,0.70708030303,0.718583333333,0.964082890722
677,2437800000000,2441100000000,55,55,0.712768181818,0.715666666667,0.971838143697
678,2441400000000,2444700000000,55,55,0.713334848485,0.725583333333,0.972610776785
679,2445000000000,2448300000000,55,55,0.714843939394,0.715833333333,0.974668377202
680,2448600000000,2451900000000,55,55,0.713534848485,0.714666666667,0.972883470817
681,2452200000000,2455500000000,55,55,0.717656060606,0.712583333333,0.978502620548
682,2455800000000,2459100000000,55,55,0.716377272727,0.714666666667,0.97675903144
683,2459400000000,2462700000000,55,55,0.708557575758,0.70825,0.966097107997
684,2463000000000,2466300000000,55,55,0.702803030303,0.693916666667,0.958250957011
685,2466600000000,2469900000000,55,55,0.709642424242,0.705833333333,0.967576266529
686,2470200000000,2473500000000,55,55,0.715771212121,0.717666666667,0.975932685892
687,2473800000000,2477100000000,55,55,0.706145454545,0.70725,0.962808252713
688,2477400000000,2480700000000,55,55,0.700483333333,0.69975,0.955088119423
689,2481000000000,2484300000000,55,55,0.704590909091,0.716833333333,0.96068867638
690,2484600000000,2487900000000,55,55,0.700468181818,0.715,0.955067460785
691,2488200000000,2491500000000,55,55,0.696371212121,0.709,0.949481364875
692,2491800000000,2495100000000,55,55,0.69043030303,0.693,0.941381112633
693,2495400000000,2498700000000,55,55,0.683189393939,0.681333333333,0.931508349189
694,2499000000000,2502300000000,55,55,0.69243030303,0.692,0.944108052944
695,2502600000000,2505900000000,55,55,0.688010606061,0.686333333333,0.938081928029
696,2506200000000,2509500000000,55,55,0.694568181818,0.694,0.947022986867
697,2509800000000,2513100000000,55,55,0.700716666667,0.695916666667,0.95540626246
698,2513400000000,2516700000000,55,55,0.700634848485,0.69825,0.955294705811
699,2517000000000,2520300000000,55,55,0.699804545455,0.690583333333,0.954162612409
700,2520600000000,2523900000000,55,55,0.705312121212,0.69525,0.961672027583
701,2524200000000,2527500000000,55,55,0.714543939394,0.707333333333,0.974259336155
702,2527800000000,2531100000000,55,55,0.716412121212,0.704583333333,0.976806546309
703,2531400000000,2534700000000,55,55,0.716257575758,0.713416666667,0.976595828194
704,2535000000000,2538300000000,55,55,0.715587878788,0.714166666667,0.975682716363
705,2538600000000,2541900000000,55,55,0.716378787879,0.70525,0.976761097304
706,2542200000000,2545500000000,55,55,0.720472727273,0.7105,0.982343061486
707,2545800000000,2549100000000,55,55,0.722312121212,0.724833333333,0.984851020227
708,2549400000000,2552700000000,55,54,0.718537037037,0.720416666667,0.97970380562
709,2553000000000,2556300000000,55,55,0.721289393939,0.723833333333,0.983456562113
710,2556600000000,2559900000000,55,55,0.724651515152,0.718083333333,0.988040714045
711,2560200000000,2563500000000,55,55,0.722059090909,0.720333333333,0.98450602096
712,2563800000000,2567100000000,55,55,0.721851515152,0.732416666667,0.98422299761
713,2567400000000,2570700000000,55,55,0.720033333333,0.722666666667,0.981743960963
714,2571000000000,2574300000000,55,55,0.710610606061,0.724666666667,0.968896353544
715,2574600000000,2577900000000,55,55,0.702157575758,0.721666666667,0.957370899002
716,2578200000000,2581500000000,55,55,0.698772727273,0.723333333333,0.952755759112
717,2581800000000,2585100000000,55,55,0.696628787879,0.723583333333,0.949832561733
718,2585400000000,2588700000000,55,55,0.69768030303,0.712333333333,0.95126627126
719,2589000000000,2592300000000,55,55,0.694557575758,0.71175,0.94700852582
720,2592600000000,2595900000000,55,55,0.696656060606,0.70925,0.949869747283
721,2596200000000,2599500000000,55,55,0.704616666667,0.707416666667,0.960723796066
722,2599800000000,2603100000000,55,55,0.714386363636,0.735083333333,0.974044486313
723,2603400000000,2606700000000,55,55,0.714762121212,0.727,0.974556820553
724,2607000000000,2610300000000,55,55,0.720743939394,0.728166666667,0.982712851119
725,2610600000000,2613900000000,55,55,0.716246969697,0.719083333333,0.976581367147
726,2614200000000,2617500000000,55,55,0.725578787879,0.734666666667,0.989305022735
727,2617800000000,2621100000000,55,55,0.728409090909,0.732583333333,0.993164056448
728,2621400000000,2624700000000,55,55,0.730186363636,0.73375,0.995587314769
729,2625000000000,2628300000000,55,55,0.733422727273,0.73225,1
730,2628600000000,2631900000000,55,55,0.729263636364,0.730083333333,0.994329203671
731,2632200000000,2635500000000,55,55,0.729595454545,0.733833333333,0.994781627859
732,2635800000000,2639100000000,55,55,0.726998484848,0.719333333333,0.991240737183
733,2639400000000,2642700000000,55,55,0.725763636364,0.726916666667,0.989557058127
734,2643000000000,2646300000000,55,55,0.725487878788,0.73425,0.989181070903
735,2646600000000,2649900000000,55,55,0.718815151515,0.724583333333,0.98008300641
736,2650200000000,2653500000000,55,55,0.704481818182,0.714583333333,0.960539934182
737,2653800000000,2657100000000,55,55,0.700621212121,0.710333333333,0.955276113036
738,2657400000000,2660700000000,55,55,0.703340909091,0.7205,0.958984338686
739,2661000000000,2664300000000,55,55,0.700065151515,0.723083333333,0.954517940995
740,2664600000000,2667900000000,55,55,0.693943939394,0.72175,0.946171850952
741,2668200000000,2671500000000,55,55,0.694704545455,0.719,0.947208914616
742,2671800000000,2675100000000,55,55,0.687878787879,0.715583333333,0.937902197873
743,2675400000000,2678700000000,55,55,0.685539393939,0.711333333333,0.934712504054
