timestamp,period,requested_demand_mw,flexible_demand_mw,recoverable_flexible_mw,physical_maximum_demand_mw,recovery_headroom_mw
2020-01-01T00:00:00+00:00,trace_window,223.52647094675,0,0,250,0
2020-01-01T01:00:00+00:00,trace_window,224.343520108,0,0,250,0
2020-01-01T02:00:00+00:00,trace_window,227.19802751325,0,0,250,0
2020-01-01T03:00:00+00:00,trace_window,228.87395957925,0,0,250,0
2020-01-01T04:00:00+00:00,trace_window,228.1612365435,0,0,250,0
2020-01-01T05:00:00+00:00,trace_window,230.71412782325,0,0,250,0
2020-01-01T06:00:00+00:00,trace_window,234.3097638925,0,0,250,0
2020-01-01T07:00:00+00:00,trace_window,237.964277082,0,0,250,0
2020-01-01T08:00:00+00:00,trace_window,240.33898760275,0,0,250,0
2020-01-01T09:00:00+00:00,trace_window,242.4064008725,0,0,250,0
2020-01-01T10:00:00+00:00,trace_window,240.63802139825,0,0,250,0
2020-01-01T11:00:00+00:00,trace_window,239.124259646,0,0,250,0
2020-01-01T12:00:00+00:00,trace_window,237.64355171575,0,0,250,0
2020-01-01T13:00:00+00:00,trace_window,233.136869679,0,0,250,0
2020-01-01T14:00:00+00:00,trace_window,230.74614871325,0,0,250,0
2020-01-01T15:00:00+00:00,trace_window,229.15904879375,0,0,250,0
2020-01-01T16:00:00+00:00,trace_window,226.8550941105,0,0,250,0
2020-01-01T17:00:00+00:00,trace_window,227.83276418775,0,0,250,0
2020-01-01T18:00:00+00:00,trace_window,228.2567827475,0,0,250,0
2020-01-01T19:00:00+00:00,trace_window,228.619341857,0,0,250,0
2020-01-01T20:00:00+00:00,trace_window,226.29937672875,0,0,250,0
2020-01-01T21:00:00+00:00,trace_window,225.86709471375,0,0,250,0
2020-01-01T22:00:00+00:00,trace_window,226.747669189,0,0,250,0
2020-01-01T23:00:00+00:00,trace_window,227.8875095805,0,0,250,0
2020-01-02T00:00:00+00:00,trace_window,227.88441078475,0,0,250,0
2020-01-02T01:00:00+00:00,trace_window,227.19647811525,0,0,250,0
2020-01-02T02:00:00+00:00,trace_window,228.089447774,0,0,250,0
2020-01-02T03:00:00+00:00,trace_window,230.73117120025,0,0,250,0
2020-01-02T04:00:00+00:00,trace_window,233.339611264,0,0,250,0
2020-01-02T05:00:00+00:00,trace_window,235.56271033075,0,0,250,0
2020-01-02T06:00:00+00:00,trace_window,235.45012074975,0,0,250,0
2020-01-02T07:00:00+00:00,trace_window,239.81136023125,0,0,250,0
2020-01-02T08:00:00+00:00,trace_window,243.19556087175,0,0,250,0
2020-01-02T09:00:00+00:00,trace_window,244.222295216,0,0,250,0
2020-01-02T10:00:00+00:00,trace_window,241.50206896275,0,0,250,0
2020-01-02T11:00:00+00:00,trace_window,241.416852078,0,0,250,0
2020-01-02T12:00:00+00:00,trace_window,242.95385479875,0,0,250,0
2020-01-02T13:00:00+00:00,trace_window,241.1818600625,0,0,250,0
2020-01-02T14:00:00+00:00,trace_window,239.1154797245,0,0,250,0
2020-01-02T15:00:00+00:00,trace_window,236.37666069625,0,0,250,0
2020-01-02T16:00:00+00:00,trace_window,231.08391745625,0,0,250,0
2020-01-02T17:00:00+00:00,trace_window,229.9678344995,0,0,250,0
2020-01-02T18:00:00+00:00,trace_window,228.3394173025,0,0,250,0
2020-01-02T19:00:00+00:00,trace_window,229.490103479,0,0,250,0
2020-01-02T20:00:00+00:00,trace_window,228.59971615025,0,0,250,0
2020-01-02T21:00:00+00:00,trace_window,229.409534788,0,0,250,0
2020-01-02T22:00:00+00:00,trace_window,227.51875287925,0,0,250,0
2020-01-02T23:00:00+00:00,trace_window,229.5159267775,0,0,250,0
2020-01-03T00:00:00+00:00,trace_window,227.84102764325,0,0,250,0
2020-01-03T01:00:00+00:00,trace_window,227.91333287875,0,0,250,0
2020-01-03T02:00:00+00:00,trace_window,228.185510444,0,0,250,0
2020-01-03T03:00:00+00:00,trace_window,230.63200973425,0,0,250,0
2020-01-03T04:00:00+00:00,trace_window,233.58516213925,0,0,250,0
2020-01-03T05:00:00+00:00,trace_window,238.34594543225,0,0,250,0
2020-01-03T06:00:00+00:00,trace_window,240.0198116345,0,0,250,0
2020-01-03T07:00:00+00:00,trace_window,241.818662601,0,0,250,0
2020-01-03T08:00:00+00:00,trace_window,242.71886278325,0,0,250,0
2020-01-03T09:00:00+00:00,trace_window,242.50969406625,0,0,250,0
2020-01-03T10:00:00+00:00,trace_window,241.80575095175,0,0,250,0
2020-01-03T11:00:00+00:00,trace_window,242.61040493,0,0,250,0
2020-01-03T12:00:00+00:00,trace_window,239.46667658275,0,0,250,0
2020-01-03T13:00:00+00:00,trace_window,239.07881064075,0,0,250,0
2020-01-03T14:00:00+00:00,trace_window,239.5353665565,0,0,250,0
2020-01-03T15:00:00+00:00,trace_window,234.82829572425,0,0,250,0
2020-01-03T16:00:00+00:00,trace_window,228.61675952725,0,0,250,0
2020-01-03T17:00:00+00:00,trace_window,223.56675529225,0,0,250,0
2020-01-03T18:00:00+00:00,trace_window,223.7062011035,0,0,250,0
2020-01-03T19:00:00+00:00,trace_window,224.22989759525,0,0,250,0
2020-01-03T20:00:00+00:00,trace_window,223.152549586,0,0,250,0
2020-01-03T21:00:00+00:00,trace_window,223.198515057,0,0,250,0
2020-01-03T22:00:00+00:00,trace_window,222.69496073825,0,0,250,0
2020-01-03T23:00:00+00:00,trace_window,225.556698667,0,0,250,0
2020-01-04T00:00:00+00:00,trace_window,227.1182526495,0,0,250,0
2020-01-04T01:00:00+00:00,trace_window,227.97789112475,0,0,250,0
2020-01-04T02:00:00+00:00,trace_window,228.910628663,0,0,250,0
2020-01-04T03:00:00+00:00,trace_window,230.442466724,0,0,250,0
2020-01-04T04:00:00+00:00,trace_window,232.895163606,0,0,250,0
2020-01-04T05:00:00+00:00,trace_window,235.3581898075,0,0,250,0
2020-01-04T06:00:00+00:00,trace_window,237.91004815525,0,0,250,0
2020-01-04T07:00:00+00:00,trace_window,238.27415666275,0,0,250,0
2020-01-04T08:00:00+00:00,trace_window,239.738337682,0,0,250,0
2020-01-04T09:00:00+00:00,trace_window,240.0353056135,0,0,250,0
2020-01-04T10:00:00+00:00,trace_window,240.3772060845,0,0,250,0
2020-01-04T11:00:00+00:00,trace_window,240.1675209015,0,0,250,0
2020-01-04T12:00:00+00:00,trace_window,239.95318752475,0,0,250,0
2020-01-04T13:00:00+00:00,trace_window,238.3412972385,0,0,250,0
2020-01-04T14:00:00+00:00,trace_window,233.9854232645,0,0,250,0
2020-01-04T15:00:00+00:00,trace_window,230.233814473,0,0,250,0
2020-01-04T16:00:00+00:00,trace_window,224.282060658,0,0,250,0
2020-01-04T17:00:00+00:00,trace_window,224.07289194075,0,0,250,0
2020-01-04T18:00:00+00:00,trace_window,221.0624118135,0,0,250,0
2020-01-04T19:00:00+00:00,trace_window,220.81347521675,0,0,250,0
2020-01-04T20:00:00+00:00,trace_window,221.17086966675,0,0,250,0
2020-01-04T21:00:00+00:00,trace_window,222.9340844815,0,0,250,0
2020-01-04T22:00:00+00:00,trace_window,223.00174152325,0,0,250,0
2020-01-04T23:00:00+00:00,trace_window,222.66139045025,0,0,250,0
2020-01-05T00:00:00+00:00,trace_window,226.04940720025,0,0,250,0
2020-01-05T01:00:00+00:00,trace_window,227.11487649225,0,0,250,0
2020-01-05T02:00:00+00:00,trace_window,226.62475028875,0,0,250,0
2020-01-05T03:00:00+00:00,trace_window,227.33230866475,0,0,250,0
2020-01-05T04:00:00+00:00,trace_window,228.347164292,0,0,250,0
2020-01-05T05:00:00+00:00,trace_window,230.462092431,0,0,250,0
2020-01-05T06:00:00+00:00,trace_window,233.99626904975,0,0,250,0
2020-01-05T07:00:00+00:00,trace_window,236.08640682225,0,0,250,0
2020-01-05T08:00:00+00:00,trace_window,237.91882807675,0,0,250,0
2020-01-05T09:00:00+00:00,trace_window,238.53290611275,0,0,250,0
2020-01-05T10:00:00+00:00,trace_window,237.05478051225,0,0,250,0
2020-01-05T11:00:00+00:00,trace_window,235.31687253,0,0,250,0
2020-01-05T12:00:00+00:00,trace_window,235.79459398625,0,0,250,0
2020-01-05T13:00:00+00:00,trace_window,232.6925941765,0,0,250,0
2020-01-05T14:00:00+00:00,trace_window,227.94845256475,0,0,250,0
2020-01-05T15:00:00+00:00,trace_window,220.714313751,0,0,250,0
2020-01-05T16:00:00+00:00,trace_window,218.6076490675,0,0,250,0
2020-01-05T17:00:00+00:00,trace_window,219.57447335975,0,0,250,0
2020-01-05T18:00:00+00:00,trace_window,219.21656244375,0,0,250,0
2020-01-05T19:00:00+00:00,trace_window,216.647660719,0,0,250,0
2020-01-05T20:00:00+00:00,trace_window,216.99059412175,0,0,250,0
2020-01-05T21:00:00+00:00,trace_window,220.35743576725,0,0,250,0
2020-01-05T22:00:00+00:00,trace_window,221.17655079225,0,0,250,0
2020-01-05T23:00:00+00:00,trace_window,220.664733018,0,0,250,0
2020-01-06T00:00:00+00:00,trace_window,223.34829018775,0,0,250,0
2020-01-06T01:00:00+00:00,trace_window,224.50362455825,0,0,250,0
2020-01-06T02:00:00+00:00,trace_window,225.25973073525,0,0,250,0
2020-01-06T03:00:00+00:00,trace_window,229.36563518075,0,0,250,0
2020-01-06T04:00:00+00:00,trace_window,228.23715704075,0,0,250,0
2020-01-06T05:00:00+00:00,trace_window,230.233298007,0,0,250,0
2020-01-06T06:00:00+00:00,trace_window,232.236669497,0,0,250,0
2020-01-06T07:00:00+00:00,trace_window,234.38568438975,0,0,250,0
2020-01-06T08:00:00+00:00,trace_window,235.025585724,0,0,250,0
2020-01-06T09:00:00+00:00,trace_window,235.48885569725,0,0,250,0
2020-01-06T10:00:00+00:00,trace_window,240.546090456,0,0,250,0
2020-01-06T11:00:00+00:00,trace_window,239.10515040525,0,0,250,0
2020-01-06T12:00:00+00:00,trace_window,239.917034907,0,0,250,0
2020-01-06T13:00:00+00:00,trace_window,237.35329784175,0,0,250,0
2020-01-06T14:00:00+00:00,trace_window,232.1452550205,0,0,250,0
2020-01-06T15:00:00+00:00,trace_window,228.08583251225,0,0,250,0
2020-01-06T16:00:00+00:00,trace_window,224.35694822325,0,0,250,0
2020-01-06T17:00:00+00:00,trace_window,223.9329296635,0,0,250,0
2020-01-06T18:00:00+00:00,trace_window,223.46139623475,0,0,250,0
2020-01-06T19:00:00+00:00,trace_window,224.14623010825,0,0,250,0
2020-01-06T20:00:00+00:00,trace_window,223.34829018775,0,0,250,0
2020-01-06T21:00:00+00:00,trace_window,223.249645188,0,0,250,0
2020-01-06T22:00:00+00:00,trace_window,222.81787963875,0,0,250,0
2020-01-06T23:00:00+00:00,trace_window,224.62396112875,0,0,250,0
2020-01-07T00:00:00+00:00,trace_window,225.441526756,0,0,250,0
2020-01-07T01:00:00+00:00,trace_window,224.4674719405,0,0,250,0
2020-01-07T02:00:00+00:00,trace_window,223.924666208,0,0,250,0
2020-01-07T03:00:00+00:00,trace_window,227.34005565425,0,0,250,0
2020-01-07T04:00:00+00:00,trace_window,231.82762845025,0,0,250,0
2020-01-07T05:00:00+00:00,trace_window,234.34385064625,0,0,250,0
2020-01-07T06:00:00+00:00,trace_window,234.931072452,0,0,250,0
2020-01-07T07:00:00+00:00,trace_window,236.68292501525,0,0,250,0
2020-01-07T08:00:00+00:00,trace_window,237.092482528,0,0,250,0
2020-01-07T09:00:00+00:00,trace_window,236.41126391625,0,0,250,0
2020-01-07T10:00:00+00:00,trace_window,239.22238818,0,0,250,0
2020-01-07T11:00:00+00:00,trace_window,238.591783233,0,0,250,0
2020-01-07T12:00:00+00:00,trace_window,236.0160526805,0,0,250,0
2020-01-07T13:00:00+00:00,trace_window,233.397684993,0,0,250,0
2020-01-07T14:00:00+00:00,trace_window,232.573405308,0,0,250,0
2020-01-07T15:00:00+00:00,trace_window,229.34446007625,0,0,250,0
2020-01-07T16:00:00+00:00,trace_window,225.73642882375,0,0,250,0
2020-01-07T17:00:00+00:00,trace_window,226.215192776,0,0,250,0
2020-01-07T18:00:00+00:00,trace_window,224.27018194075,0,0,250,0
2020-01-07T19:00:00+00:00,trace_window,223.20987730825,0,0,250,0
2020-01-07T20:00:00+00:00,trace_window,224.26863254275,0,0,250,0
2020-01-07T21:00:00+00:00,trace_window,221.812836865,0,0,250,0
2020-01-07T22:00:00+00:00,trace_window,222.25803052925,0,0,250,0
2020-01-07T23:00:00+00:00,trace_window,223.98664212425,0,0,250,0
2020-01-08T00:00:00+00:00,trace_window,224.247973904,0,0,250,0
2020-01-08T01:00:00+00:00,trace_window,223.265655633,0,0,250,0
2020-01-08T02:00:00+00:00,trace_window,224.5144703435,0,0,250,0
2020-01-08T03:00:00+00:00,trace_window,228.10855701475,0,0,250,0
2020-01-08T04:00:00+00:00,trace_window,231.752740885,0,0,250,0
2020-01-08T05:00:00+00:00,trace_window,234.79627483425,0,0,250,0
2020-01-08T06:00:00+00:00,trace_window,234.671806536,0,0,250,0
2020-01-08T07:00:00+00:00,trace_window,237.447294648,0,0,250,0
2020-01-08T08:00:00+00:00,trace_window,238.3908779715,0,0,250,0
2020-01-08T09:00:00+00:00,trace_window,237.80468909775,0,0,250,0
2020-01-08T10:00:00+00:00,trace_window,236.42572496325,0,0,250,0
2020-01-08T11:00:00+00:00,trace_window,238.205983155,0,0,250,0
2020-01-08T12:00:00+00:00,trace_window,241.078566869,0,0,250,0
2020-01-08T13:00:00+00:00,trace_window,241.51601354375,0,0,250,0
2020-01-08T14:00:00+00:00,trace_window,238.70850454175,0,0,250,0
2020-01-08T15:00:00+00:00,trace_window,231.20528695875,0,0,250,0
2020-01-08T16:00:00+00:00,trace_window,227.60810149175,0,0,250,0
2020-01-08T17:00:00+00:00,trace_window,229.28506648975,0,0,250,0
2020-01-08T18:00:00+00:00,trace_window,228.62399005075,0,0,250,0
2020-01-08T19:00:00+00:00,trace_window,223.98560919225,0,0,250,0
2020-01-08T20:00:00+00:00,trace_window,223.31007170625,0,0,250,0
2020-01-08T21:00:00+00:00,trace_window,224.40704542225,0,0,250,0
2020-01-08T22:00:00+00:00,trace_window,223.18715280575,0,0,250,0
2020-01-08T23:00:00+00:00,trace_window,223.940160187,0,0,250,0
2020-01-09T00:00:00+00:00,trace_window,223.79090152225,0,0,250,0
2020-01-09T01:00:00+00:00,trace_window,224.8852929085,0,0,250,0
2020-01-09T02:00:00+00:00,trace_window,224.28567591975,0,0,250,0
2020-01-09T03:00:00+00:00,trace_window,225.733846494,0,0,250,0
2020-01-09T04:00:00+00:00,trace_window,229.97093329525,0,0,250,0
2020-01-09T05:00:00+00:00,trace_window,233.0160166425,0,0,250,0
2020-01-09T06:00:00+00:00,trace_window,233.57689868375,0,0,250,0
2020-01-09T07:00:00+00:00,trace_window,235.137658839,0,0,250,0
2020-01-09T08:00:00+00:00,trace_window,237.318694622,0,0,250,0
2020-01-09T09:00:00+00:00,trace_window,242.16985945925,0,0,250,0
2020-01-09T10:00:00+00:00,trace_window,242.753466003,0,0,250,0
2020-01-09T11:00:00+00:00,trace_window,241.785608779,0,0,250,0
2020-01-09T12:00:00+00:00,trace_window,239.1986307455,0,0,250,0
2020-01-09T13:00:00+00:00,trace_window,241.27585686875,0,0,250,0
2020-01-09T14:00:00+00:00,trace_window,240.8900567905,0,0,250,0
2020-01-09T15:00:00+00:00,trace_window,238.996176086,0,0,250,0
2020-01-09T16:00:00+00:00,trace_window,238.29946349525,0,0,250,0
2020-01-09T17:00:00+00:00,trace_window,235.48420750375,0,0,250,0
2020-01-09T18:00:00+00:00,trace_window,232.83731941775,0,0,250,0
2020-01-09T19:00:00+00:00,trace_window,229.74472120125,0,0,250,0
2020-01-09T20:00:00+00:00,trace_window,227.669560942,0,0,250,0
2020-01-09T21:00:00+00:00,trace_window,229.718381437,0,0,250,0
2020-01-09T22:00:00+00:00,trace_window,228.62375094625,0,0,250,0
2020-01-09T23:00:00+00:00,trace_window,229.70133806,0,0,250,0
2020-01-10T00:00:00+00:00,trace_window,228.54393782575,0,0,250,0
2020-01-10T01:00:00+00:00,trace_window,230.2890763315,0,0,250,0
2020-01-10T02:00:00+00:00,trace_window,235.5022838125,0,0,250,0
2020-01-10T03:00:00+00:00,trace_window,238.90476160975,0,0,250,0
2020-01-10T04:00:00+00:00,trace_window,238.8748065835,0,0,250,0
2020-01-10T05:00:00+00:00,trace_window,241.7618513445,0,0,250,0
2020-01-10T06:00:00+00:00,trace_window,243.01789657875,0,0,250,0
2020-01-10T07:00:00+00:00,trace_window,244.68866398525,0,0,250,0
2020-01-10T08:00:00+00:00,trace_window,244.9143787415,0,0,250,0
2020-01-10T09:00:00+00:00,trace_window,243.0545656625,0,0,250,0
2020-01-10T10:00:00+00:00,trace_window,244.3106108965,0,0,250,0
2020-01-10T11:00:00+00:00,trace_window,243.7171914995,0,0,250,0
2020-01-10T12:00:00+00:00,trace_window,242.205495611,0,0,250,0
2020-01-10T13:00:00+00:00,trace_window,242.4874860295,0,0,250,0
2020-01-10T14:00:00+00:00,trace_window,242.902208202,0,0,250,0
2020-01-10T15:00:00+00:00,trace_window,241.04706244475,0,0,250,0
2020-01-10T16:00:00+00:00,trace_window,239.32413197575,0,0,250,0
2020-01-10T17:00:00+00:00,trace_window,236.49854666475,0,0,250,0
2020-01-10T18:00:00+00:00,trace_window,234.573678002,0,0,250,0
2020-01-10T19:00:00+00:00,trace_window,233.5159556995,0,0,250,0
2020-01-10T20:00:00+00:00,trace_window,233.929128474,0,0,250,0
2020-01-10T21:00:00+00:00,trace_window,232.684961957,0,0,250,0
2020-01-10T22:00:00+00:00,trace_window,232.395224549,0,0,250,0
2020-01-10T23:00:00+00:00,trace_window,234.36192695525,0,0,250,0
2020-01-11T00:00:00+00:00,trace_window,230.8251680065,0,0,250,0
2020-01-11T01:00:00+00:00,trace_window,232.73919088375,0,0,250,0
2020-01-11T02:00:00+00:00,trace_window,233.0066341775,0,0,250,0
2020-01-11T03:00:00+00:00,trace_window,232.4360253605,0,0,250,0
2020-01-11T04:00:00+00:00,trace_window,234.41615588175,0,0,250,0
2020-01-11T05:00:00+00:00,trace_window,234.657345489,0,0,250,0
2020-01-11T06:00:00+00:00,trace_window,235.36232153525,0,0,250,0
2020-01-11T07:00:00+00:00,trace_window,238.65892380875,0,0,250,0
2020-01-11T08:00:00+00:00,trace_window,242.06656626575,0,0,250,0
2020-01-11T09:00:00+00:00,trace_window,242.6976876785,0,0,250,0
2020-01-11T10:00:00+00:00,trace_window,243.44811273,0,0,250,0
2020-01-11T11:00:00+00:00,trace_window,244.06735542575,0,0,250,0
2020-01-11T12:00:00+00:00,trace_window,241.79128990475,0,0,250,0
2020-01-11T13:00:00+00:00,trace_window,239.511609122,0,0,250,0
2020-01-11T14:00:00+00:00,trace_window,237.58622399325,0,0,250,0
2020-01-11T15:00:00+00:00,trace_window,235.29518095925,0,0,250,0
2020-01-11T16:00:00+00:00,trace_window,234.4848458555,0,0,250,0
2020-01-11T17:00:00+00:00,trace_window,231.7418950995,0,0,250,0
2020-01-11T18:00:00+00:00,trace_window,226.79156879625,0,0,250,0
2020-01-11T19:00:00+00:00,trace_window,224.37399160025,0,0,250,0
2020-01-11T20:00:00+00:00,trace_window,223.65610390475,0,0,250,0
2020-01-11T21:00:00+00:00,trace_window,223.27598495225,0,0,250,0
2020-01-11T22:00:00+00:00,trace_window,226.81790856075,0,0,250,0
2020-01-11T23:00:00+00:00,trace_window,225.39142955725,0,0,250,0
2020-01-12T00:00:00+00:00,trace_window,223.65610390475,0,0,250,0
2020-01-12T01:00:00+00:00,trace_window,226.61597036725,0,0,250,0
2020-01-12T02:00:00+00:00,trace_window,231.34989742975,0,0,250,0
2020-01-12T03:00:00+00:00,trace_window,232.010973869,0,0,250,0
2020-01-12T04:00:00+00:00,trace_window,233.510274574,0,0,250,0
2020-01-12T05:00:00+00:00,trace_window,232.11013533475,0,0,250,0
2020-01-12T06:00:00+00:00,trace_window,233.3553347835,0,0,250,0
2020-01-12T07:00:00+00:00,trace_window,235.84728307925,0,0,250,0
2020-01-12T08:00:00+00:00,trace_window,240.0218774985,0,0,250,0
2020-01-12T09:00:00+00:00,trace_window,242.47560731225,0,0,250,0
2020-01-12T10:00:00+00:00,trace_window,243.75282765125,0,0,250,0
2020-01-12T11:00:00+00:00,trace_window,244.5703932785,0,0,250,0
2020-01-12T12:00:00+00:00,trace_window,242.30000888325,0,0,250,0
2020-01-12T13:00:00+00:00,trace_window,240.02291043025,0,0,250,0
2020-01-12T14:00:00+00:00,trace_window,238.0018165065,0,0,250,0
2020-01-12T15:00:00+00:00,trace_window,231.52962758675,0,0,250,0
2020-01-12T16:00:00+00:00,trace_window,227.72017460675,0,0,250,0
2020-01-12T17:00:00+00:00,trace_window,223.71325947175,0,0,250,0
2020-01-12T18:00:00+00:00,trace_window,223.327115083,0,0,250,0
2020-01-12T19:00:00+00:00,trace_window,227.4500629055,0,0,250,0
2020-01-12T20:00:00+00:00,trace_window,225.7230007085,0,0,250,0
2020-01-12T21:00:00+00:00,trace_window,224.00058670525,0,0,250,0
2020-01-12T22:00:00+00:00,trace_window,224.199426103,0,0,250,0
2020-01-12T23:00:00+00:00,trace_window,225.168316259,0,0,250,0
2020-01-13T00:00:00+00:00,trace_window,227.80952321925,0,0,250,0
2020-01-13T01:00:00+00:00,trace_window,226.47910688575,0,0,250,0
2020-01-13T02:00:00+00:00,trace_window,228.72831617625,0,0,250,0
2020-01-13T03:00:00+00:00,trace_window,228.06620680525,0,0,250,0
2020-01-13T04:00:00+00:00,trace_window,233.9064039715,0,0,250,0
2020-01-13T05:00:00+00:00,trace_window,237.367758889,0,0,250,0
2020-01-13T06:00:00+00:00,trace_window,237.97615579925,0,0,250,0
2020-01-13T07:00:00+00:00,trace_window,241.55061676375,0,0,250,0
2020-01-13T08:00:00+00:00,trace_window,242.109432941,0,0,250,0
2020-01-13T09:00:00+00:00,trace_window,244.17219801725,0,0,250,0
2020-01-13T10:00:00+00:00,trace_window,244.1489570485,0,0,250,0
2020-01-13T11:00:00+00:00,trace_window,242.789102155,0,0,250,0
2020-01-13T12:00:00+00:00,trace_window,242.1187293285,0,0,250,0
2020-01-13T13:00:00+00:00,trace_window,241.72776459075,0,0,250,0
2020-01-13T14:00:00+00:00,trace_window,240.3575803775,0,0,250,0
2020-01-13T15:00:00+00:00,trace_window,238.60624428025,0,0,250,0
2020-01-13T16:00:00+00:00,trace_window,236.702550722,0,0,250,0
2020-01-13T17:00:00+00:00,trace_window,235.19807579325,0,0,250,0
2020-01-13T18:00:00+00:00,trace_window,234.51118562,0,0,250,0
2020-01-13T19:00:00+00:00,trace_window,232.39212575325,0,0,250,0
2020-01-13T20:00:00+00:00,trace_window,234.2281622695,0,0,250,0
2020-01-13T21:00:00+00:00,trace_window,234.40272776675,0,0,250,0
2020-01-13T22:00:00+00:00,trace_window,227.74341557525,0,0,250,0
2020-01-13T23:00:00+00:00,trace_window,226.812743901,0,0,250,0
2020-01-14T00:00:00+00:00,trace_window,229.1631805215,0,0,250,0
2020-01-14T01:00:00+00:00,trace_window,227.48001793175,0,0,250,0
2020-01-14T02:00:00+00:00,trace_window,227.97014413525,0,0,250,0
2020-01-14T03:00:00+00:00,trace_window,230.687788059,0,0,250,0
2020-01-14T04:00:00+00:00,trace_window,232.233570701,0,0,250,0
2020-01-14T05:00:00+00:00,trace_window,236.16181085375,0,0,250,0
2020-01-14T06:00:00+00:00,trace_window,238.99979134775,0,0,250,0
2020-01-14T07:00:00+00:00,trace_window,238.1316120555,0,0,250,0
2020-01-14T08:00:00+00:00,trace_window,241.12143354425,0,0,250,0
2020-01-14T09:00:00+00:00,trace_window,243.3928508715,0,0,250,0
2020-01-14T10:00:00+00:00,trace_window,243.99350079225,0,0,250,0
2020-01-14T11:00:00+00:00,trace_window,245.2015146915,0,0,250,0
2020-01-14T12:00:00+00:00,trace_window,245.612621602,0,0,250,0
2020-01-14T13:00:00+00:00,trace_window,243.8943393265,0,0,250,0
2020-01-14T14:00:00+00:00,trace_window,245.401387021,0,0,250,0
2020-01-14T15:00:00+00:00,trace_window,243.30918338475,0,0,250,0
2020-01-14T16:00:00+00:00,trace_window,242.6651503225,0,0,250,0
2020-01-14T17:00:00+00:00,trace_window,241.9415815015,0,0,250,0
2020-01-14T18:00:00+00:00,trace_window,236.961300172,0,0,250,0
2020-01-14T19:00:00+00:00,trace_window,233.639391066,0,0,250,0
2020-01-14T20:00:00+00:00,trace_window,231.12575119975,0,0,250,0
2020-01-14T21:00:00+00:00,trace_window,229.59184727475,0,0,250,0
2020-01-14T22:00:00+00:00,trace_window,227.9350244495,0,0,250,0
2020-01-14T23:00:00+00:00,trace_window,228.1622694755,0,0,250,0
2020-01-15T00:00:00+00:00,trace_window,227.56988301025,0,0,250,0
2020-01-15T01:00:00+00:00,trace_window,227.4820837955,0,0,250,0
2020-01-15T02:00:00+00:00,trace_window,228.64154989375,0,0,250,0
2020-01-15T03:00:00+00:00,trace_window,230.95015277075,0,0,250,0
2020-01-15T04:00:00+00:00,trace_window,229.6450432695,0,0,250,0
2020-01-15T05:00:00+00:00,trace_window,235.58786413625,0,0,250,0
2020-01-15T06:00:00+00:00,trace_window,235.8570959325,0,0,250,0
2020-01-15T07:00:00+00:00,trace_window,237.9069493595,0,0,250,0
2020-01-15T08:00:00+00:00,trace_window,240.18611367625,0,0,250,0
2020-01-15T09:00:00+00:00,trace_window,243.52506615925,0,0,250,0
2020-01-15T10:00:00+00:00,trace_window,243.64023807025,0,0,250,0
2020-01-15T11:00:00+00:00,trace_window,243.52713202325,0,0,250,0
2020-01-15T12:00:00+00:00,trace_window,245.3275323875,0,0,250,0
2020-01-15T13:00:00+00:00,trace_window,245.548063356,0,0,250,0
2020-01-15T14:00:00+00:00,trace_window,245.110100215,0,0,250,0
2020-01-15T15:00:00+00:00,trace_window,243.61079951,0,0,250,0
2020-01-15T16:00:00+00:00,trace_window,242.5226057155,0,0,250,0
2020-01-15T17:00:00+00:00,trace_window,241.71401129325,0,0,250,0
2020-01-15T18:00:00+00:00,trace_window,238.3588570815,0,0,250,0
2020-01-15T19:00:00+00:00,trace_window,235.9046108015,0,0,250,0
2020-01-15T20:00:00+00:00,trace_window,235.5188107235,0,0,250,0
2020-01-15T21:00:00+00:00,trace_window,233.28922713975,0,0,250,0
2020-01-15T22:00:00+00:00,trace_window,232.0806967745,0,0,250,0
2020-01-15T23:00:00+00:00,trace_window,229.5985613325,0,0,250,0
2020-01-16T00:00:00+00:00,trace_window,229.1306431655,0,0,250,0
2020-01-16T01:00:00+00:00,trace_window,229.13219256325,0,0,250,0
2020-01-16T02:00:00+00:00,trace_window,227.73928384775,0,0,250,0
2020-01-16T03:00:00+00:00,trace_window,228.022823664,0,0,250,0
2020-01-16T04:00:00+00:00,trace_window,230.89075918425,0,0,250,0
2020-01-16T05:00:00+00:00,trace_window,237.11933875825,0,0,250,0
2020-01-16T06:00:00+00:00,trace_window,239.66293365075,0,0,250,0
2020-01-16T07:00:00+00:00,trace_window,241.882187915,0,0,250,0
2020-01-16T08:00:00+00:00,trace_window,244.159286368,0,0,250,0
2020-01-16T09:00:00+00:00,trace_window,246.04335421925,0,0,250,0
2020-01-16T10:00:00+00:00,trace_window,247.5208581475,0,0,250,0
2020-01-16T11:00:00+00:00,trace_window,247.3138605005,0,0,250,0
2020-01-16T12:00:00+00:00,trace_window,245.3786625185,0,0,250,0
2020-01-16T13:00:00+00:00,trace_window,244.64889610575,0,0,250,0
2020-01-16T14:00:00+00:00,trace_window,243.23481228525,0,0,250,0
2020-01-16T15:00:00+00:00,trace_window,239.5183231795,0,0,250,0
2020-01-16T16:00:00+00:00,trace_window,234.6299727925,0,0,250,0
2020-01-16T17:00:00+00:00,trace_window,232.11116826675,0,0,250,0
2020-01-16T18:00:00+00:00,trace_window,230.200244185,0,0,250,0
2020-01-16T19:00:00+00:00,trace_window,228.637934632,0,0,250,0
2020-01-16T20:00:00+00:00,trace_window,226.4336578805,0,0,250,0
2020-01-16T21:00:00+00:00,trace_window,225.51070450325,0,0,250,0
2020-01-16T22:00:00+00:00,trace_window,224.911632673,0,0,250,0
2020-01-16T23:00:00+00:00,trace_window,225.2731588505,0,0,250,0
2020-01-17T00:00:00+00:00,trace_window,229.82838868825,0,0,250,0
2020-01-17T01:00:00+00:00,trace_window,230.26376949925,0,0,250,0
2020-01-17T02:00:00+00:00,trace_window,227.618430811,0,0,250,0
2020-01-17T03:00:00+00:00,trace_window,228.06827266925,0,0,250,0
2020-01-17T04:00:00+00:00,trace_window,228.57440931775,0,0,250,0
2020-01-17T05:00:00+00:00,trace_window,230.71567722125,0,0,250,0
2020-01-17T06:00:00+00:00,trace_window,233.205043187,0,0,250,0
2020-01-17T07:00:00+00:00,trace_window,236.44431773825,0,0,250,0
2020-01-17T08:00:00+00:00,trace_window,239.60560592825,0,0,250,0
2020-01-17T09:00:00+00:00,trace_window,242.70285233825,0,0,250,0
2020-01-17T10:00:00+00:00,trace_window,245.13179178575,0,0,250,0
2020-01-17T11:00:00+00:00,trace_window,245.35025689025,0,0,250,0
2020-01-17T12:00:00+00:00,trace_window,244.32352254575,0,0,250,0
2020-01-17T13:00:00+00:00,trace_window,243.417641238,0,0,250,0
2020-01-17T14:00:00+00:00,trace_window,241.99426103025,0,0,250,0
2020-01-17T15:00:00+00:00,trace_window,238.65117681925,0,0,250,0
2020-01-17T16:00:00+00:00,trace_window,237.51598462175,0,0,250,0
2020-01-17T17:00:00+00:00,trace_window,234.11815501825,0,0,250,0
2020-01-17T18:00:00+00:00,trace_window,232.80478206175,0,0,250,0
2020-01-17T19:00:00+00:00,trace_window,230.44143379225,0,0,250,0
2020-01-17T20:00:00+00:00,trace_window,229.3862938195,0,0,250,0
2020-01-17T21:00:00+00:00,trace_window,228.150907224,0,0,250,0
2020-01-17T22:00:00+00:00,trace_window,229.7436882695,0,0,250,0
2020-01-17T23:00:00+00:00,trace_window,229.32793316525,0,0,250,0
2020-01-18T00:00:00+00:00,trace_window,228.00319795725,0,0,250,0
2020-01-18T01:00:00+00:00,trace_window,233.58619507125,0,0,250,0
2020-01-18T02:00:00+00:00,trace_window,232.09412488975,0,0,250,0
2020-01-18T03:00:00+00:00,trace_window,229.169378113,0,0,250,0
2020-01-18T04:00:00+00:00,trace_window,230.733237064,0,0,250,0
2020-01-18T05:00:00+00:00,trace_window,230.37584261425,0,0,250,0
2020-01-18T06:00:00+00:00,trace_window,231.11025722075,0,0,250,0
2020-01-18T07:00:00+00:00,trace_window,238.10320642725,0,0,250,0
2020-01-18T08:00:00+00:00,trace_window,242.04177589925,0,0,250,0
2020-01-18T09:00:00+00:00,trace_window,241.75720315075,0,0,250,0
2020-01-18T10:00:00+00:00,trace_window,239.03336163575,0,0,250,0
2020-01-18T11:00:00+00:00,trace_window,237.76492121825,0,0,250,0
2020-01-18T12:00:00+00:00,trace_window,237.9565300925,0,0,250,0
2020-01-18T13:00:00+00:00,trace_window,237.961694752,0,0,250,0
2020-01-18T14:00:00+00:00,trace_window,235.49763561875,0,0,250,0
2020-01-18T15:00:00+00:00,trace_window,230.9692620115,0,0,250,0
2020-01-18T16:00:00+00:00,trace_window,226.8060298435,0,0,250,0
2020-01-18T17:00:00+00:00,trace_window,223.635445266,0,0,250,0
2020-01-18T18:00:00+00:00,trace_window,220.55730809675,0,0,250,0
2020-01-18T19:00:00+00:00,trace_window,218.987251554,0,0,250,0
2020-01-18T20:00:00+00:00,trace_window,219.8203111605,0,0,250,0
2020-01-18T21:00:00+00:00,trace_window,220.635294458,0,0,250,0
2020-01-18T22:00:00+00:00,trace_window,220.602240636,0,0,250,0
2020-01-18T23:00:00+00:00,trace_window,222.30089720475,0,0,250,0
2020-01-19T00:00:00+00:00,trace_window,223.25790864325,0,0,250,0
2020-01-19T01:00:00+00:00,trace_window,224.98445437425,0,0,250,0
2020-01-19T02:00:00+00:00,trace_window,225.96419031575,0,0,250,0
2020-01-19T03:00:00+00:00,trace_window,227.74496497325,0,0,250,0
2020-01-19T04:00:00+00:00,trace_window,229.11773151625,0,0,250,0
2020-01-19T05:00:00+00:00,trace_window,230.81897041475,0,0,250,0
2020-01-19T06:00:00+00:00,trace_window,231.55338502125,0,0,250,0
2020-01-19T07:00:00+00:00,trace_window,236.43347195275,0,0,250,0
2020-01-19T08:00:00+00:00,trace_window,237.75665776275,0,0,250,0
2020-01-19T09:00:00+00:00,trace_window,238.55511414925,0,0,250,0
2020-01-19T10:00:00+00:00,trace_window,238.5845527095,0,0,250,0
2020-01-19T11:00:00+00:00,trace_window,237.3904833915,0,0,250,0
2020-01-19T12:00:00+00:00,trace_window,234.2291952015,0,0,250,0
2020-01-19T13:00:00+00:00,trace_window,233.0170495745,0,0,250,0
2020-01-19T14:00:00+00:00,trace_window,230.2441437925,0,0,250,0
2020-01-19T15:00:00+00:00,trace_window,226.5953117285,0,0,250,0
2020-01-19T16:00:00+00:00,trace_window,225.15282228,0,0,250,0
2020-01-19T17:00:00+00:00,trace_window,223.97114814525,0,0,250,0
2020-01-19T18:00:00+00:00,trace_window,219.44277453775,0,0,250,0
2020-01-19T19:00:00+00:00,trace_window,220.2055947725,0,0,250,0
2020-01-19T20:00:00+00:00,trace_window,222.11393652425,0,0,250,0
2020-01-19T21:00:00+00:00,trace_window,221.763772598,0,0,250,0
2020-01-19T22:00:00+00:00,trace_window,222.94493026675,0,0,250,0
2020-01-19T23:00:00+00:00,trace_window,219.36220584675,0,0,250,0
2020-01-20T00:00:00+00:00,trace_window,220.46795948425,0,0,250,0
2020-01-20T01:00:00+00:00,trace_window,223.116913434,0,0,250,0
2020-01-20T02:00:00+00:00,trace_window,224.39568317075,0,0,250,0
2020-01-20T03:00:00+00:00,trace_window,227.61533201525,0,0,250,0
2020-01-20T04:00:00+00:00,trace_window,230.74614871325,0,0,250,0
2020-01-20T05:00:00+00:00,trace_window,235.0348821115,0,0,250,0
2020-01-20T06:00:00+00:00,trace_window,239.253376138,0,0,250,0
2020-01-20T07:00:00+00:00,trace_window,242.5972159195,0,0,250,0
2020-01-20T08:00:00+00:00,trace_window,243.6996316565,0,0,250,0
2020-01-20T09:00:00+00:00,trace_window,246.467372779,0,0,250,0
2020-01-20T10:00:00+00:00,trace_window,246.45291173175,0,0,250,0
2020-01-20T11:00:00+00:00,trace_window,246.2318642975,0,0,250,0
2020-01-20T12:00:00+00:00,trace_window,245.56613966475,0,0,250,0
2020-01-20T13:00:00+00:00,trace_window,243.094333542,0,0,250,0
2020-01-20T14:00:00+00:00,trace_window,242.1652112655,0,0,250,0
2020-01-20T15:00:00+00:00,trace_window,237.060978104,0,0,250,0
2020-01-20T16:00:00+00:00,trace_window,235.05605721625,0,0,250,0
2020-01-20T17:00:00+00:00,trace_window,234.70795915375,0,0,250,0
2020-01-20T18:00:00+00:00,trace_window,232.41536672175,0,0,250,0
2020-01-20T19:00:00+00:00,trace_window,232.40761973225,0,0,250,0
2020-01-20T20:00:00+00:00,trace_window,231.05654476,0,0,250,0
2020-01-20T21:00:00+00:00,trace_window,228.073953795,0,0,250,0
2020-01-20T22:00:00+00:00,trace_window,227.99390156975,0,0,250,0
2020-01-20T23:00:00+00:00,trace_window,228.8398728255,0,0,250,0
2020-01-21T00:00:00+00:00,trace_window,228.56769526025,0,0,250,0
2020-01-21T01:00:00+00:00,trace_window,229.9182537665,0,0,250,0
2020-01-21T02:00:00+00:00,trace_window,231.7279505185,0,0,250,0
2020-01-21T03:00:00+00:00,trace_window,229.54123361,0,0,250,0
2020-01-21T04:00:00+00:00,trace_window,234.01537829075,0,0,250,0
2020-01-21T05:00:00+00:00,trace_window,238.5850691755,0,0,250,0
2020-01-21T06:00:00+00:00,trace_window,240.8740463455,0,0,250,0
2020-01-21T07:00:00+00:00,trace_window,242.61608605575,0,0,250,0
2020-01-21T08:00:00+00:00,trace_window,245.337345241,0,0,250,0
2020-01-21T09:00:00+00:00,trace_window,245.4416713665,0,0,250,0
2020-01-21T10:00:00+00:00,trace_window,247.384616338,0,0,250,0
2020-01-21T11:00:00+00:00,trace_window,246.6858378835,0,0,250,0
2020-01-21T12:00:00+00:00,trace_window,246.4591093235,0,0,250,0
2020-01-21T13:00:00+00:00,trace_window,245.32649945575,0,0,250,0
2020-01-21T14:00:00+00:00,trace_window,246.00978393125,0,0,250,0
2020-01-21T15:00:00+00:00,trace_window,245.49331796325,0,0,250,0
2020-01-21T16:00:00+00:00,trace_window,240.77540134575,0,0,250,0
2020-01-21T17:00:00+00:00,trace_window,240.027558624,0,0,250,0
2020-01-21T18:00:00+00:00,trace_window,238.71573506525,0,0,250,0
2020-01-21T19:00:00+00:00,trace_window,236.6467723975,0,0,250,0
2020-01-21T20:00:00+00:00,trace_window,234.19149318575,0,0,250,0
2020-01-21T21:00:00+00:00,trace_window,233.15133072625,0,0,250,0
2020-01-21T22:00:00+00:00,trace_window,233.62596295075,0,0,250,0
2020-01-21T23:00:00+00:00,trace_window,234.92642425825,0,0,250,0
2020-01-22T00:00:00+00:00,trace_window,236.79861339225,0,0,250,0
2020-01-22T01:00:00+00:00,trace_window,234.4063430285,0,0,250,0
2020-01-22T02:00:00+00:00,trace_window,233.945138919,0,0,250,0
2020-01-22T03:00:00+00:00,trace_window,235.2920821635,0,0,250,0
2020-01-22T04:00:00+00:00,trace_window,236.430373157,0,0,250,0
2020-01-22T05:00:00+00:00,trace_window,238.74362422775,0,0,250,0
2020-01-22T06:00:00+00:00,trace_window,239.50954325825,0,0,250,0
2020-01-22T07:00:00+00:00,trace_window,241.320789408,0,0,250,0
2020-01-22T08:00:00+00:00,trace_window,243.68517060925,0,0,250,0
2020-01-22T09:00:00+00:00,trace_window,245.257293016,0,0,250,0
2020-01-22T10:00:00+00:00,trace_window,243.33242435325,0,0,250,0
2020-01-22T11:00:00+00:00,trace_window,247.47189908675,0,0,250,0
2020-01-22T12:00:00+00:00,trace_window,246.27576390475,0,0,250,0
2020-01-22T13:00:00+00:00,trace_window,245.9553924135,0,0,250,0
2020-01-22T14:00:00+00:00,trace_window,245.5862818375,0,0,250,0
2020-01-22T15:00:00+00:00,trace_window,244.30906149875,0,0,250,0
2020-01-22T16:00:00+00:00,trace_window,241.62932043875,0,0,250,0
2020-01-22T17:00:00+00:00,trace_window,241.29290024575,0,0,250,0
2020-01-22T18:00:00+00:00,trace_window,241.2954825755,0,0,250,0
2020-01-22T19:00:00+00:00,trace_window,239.99243893825,0,0,250,0
2020-01-22T20:00:00+00:00,trace_window,237.02999014575,0,0,250,0
2020-01-22T21:00:00+00:00,trace_window,234.2746442065,0,0,250,0
2020-01-22T22:00:00+00:00,trace_window,234.1135068245,0,0,250,0
2020-01-22T23:00:00+00:00,trace_window,233.64352279375,0,0,250,0
2020-01-23T00:00:00+00:00,trace_window,231.85086941875,0,0,250,0
2020-01-23T01:00:00+00:00,trace_window,233.16630823925,0,0,250,0
2020-01-23T02:00:00+00:00,trace_window,233.0196319045,0,0,250,0
2020-01-23T03:00:00+00:00,trace_window,235.04004677125,0,0,250,0
2020-01-23T04:00:00+00:00,trace_window,239.25854079775,0,0,250,0
2020-01-23T05:00:00+00:00,trace_window,242.25301048025,0,0,250,0
2020-01-23T06:00:00+00:00,trace_window,240.947384513,0,0,250,0
2020-01-23T07:00:00+00:00,trace_window,243.36599464125,0,0,250,0
2020-01-23T08:00:00+00:00,trace_window,246.02527791025,0,0,250,0
2020-01-23T09:00:00+00:00,trace_window,246.5877093495,0,0,250,0
2020-01-23T10:00:00+00:00,trace_window,248.694374033,0,0,250,0
2020-01-23T11:00:00+00:00,trace_window,248.52807199125,0,0,250,0
2020-01-23T12:00:00+00:00,trace_window,248.88117212225,0,0,250,0
2020-01-23T13:00:00+00:00,trace_window,248.94589295925,0,0,250,0
2020-01-23T14:00:00+00:00,trace_window,247.07731908725,0,0,250,0
2020-01-23T15:00:00+00:00,trace_window,243.837011604,0,0,250,0
2020-01-23T16:00:00+00:00,trace_window,241.31665768025,0,0,250,0
2020-01-23T17:00:00+00:00,trace_window,238.493654699,0,0,250,0
2020-01-23T18:00:00+00:00,trace_window,242.41053260025,0,0,250,0
2020-01-23T19:00:00+00:00,trace_window,249.13182070775,0,0,250,0
2020-01-23T20:00:00+00:00,trace_window,246.8283824905,0,0,250,0
2020-01-23T21:00:00+00:00,trace_window,246.19312935,0,0,250,0
2020-01-23T22:00:00+00:00,trace_window,246.34290448075,0,0,250,0
2020-01-23T23:00:00+00:00,trace_window,244.915392545,0,0,250,0
2020-01-24T00:00:00+00:00,trace_window,243.658314379,0,0,250,0
2020-01-24T01:00:00+00:00,trace_window,243.61192808375,0,0,250,0
2020-01-24T02:00:00+00:00,trace_window,241.495871371,0,0,250,0
2020-01-24T03:00:00+00:00,trace_window,241.4550705595,0,0,250,0
2020-01-24T04:00:00+00:00,trace_window,242.705951134,0,0,250,0
2020-01-24T05:00:00+00:00,trace_window,242.6971712125,0,0,250,0
2020-01-24T06:00:00+00:00,trace_window,243.40524605475,0,0,250,0
2020-01-24T07:00:00+00:00,trace_window,245.012488147,0,0,250,0
2020-01-24T08:00:00+00:00,trace_window,245.7169477275,0,0,250,0
2020-01-24T09:00:00+00:00,trace_window,248.725361991,0,0,250,0
2020-01-24T10:00:00+00:00,trace_window,248.55854348325,0,0,250,0
2020-01-24T11:00:00+00:00,trace_window,248.74602062975,0,0,250,0
2020-01-24T12:00:00+00:00,trace_window,248.4764253945,0,0,250,0
2020-01-24T13:00:00+00:00,trace_window,247.41612076225,0,0,250,0
2020-01-24T14:00:00+00:00,trace_window,248.26983900725,0,0,250,0
2020-01-24T15:00:00+00:00,trace_window,249.92976062825,0,0,250,0
2020-01-24T16:00:00+00:00,trace_window,246.59339047525,0,0,250,0
2020-01-24T17:00:00+00:00,trace_window,242.754498935,0,0,250,0
2020-01-24T18:00:00+00:00,trace_window,242.240098831,0,0,250,0
2020-01-24T19:00:00+00:00,trace_window,238.46783140075,0,0,250,0
2020-01-24T20:00:00+00:00,trace_window,236.412296848,0,0,250,0
2020-01-24T21:00:00+00:00,trace_window,235.49791298025,0,0,250,0
2020-01-24T22:00:00+00:00,trace_window,234.5199655415,0,0,250,0
2020-01-24T23:00:00+00:00,trace_window,235.76464852425,0,0,250,0
2020-01-25T00:00:00+00:00,trace_window,238.15382009225,0,0,250,0
2020-01-25T01:00:00+00:00,trace_window,242.2969100875,0,0,250,0
2020-01-25T02:00:00+00:00,trace_window,240.71187603175,0,0,250,0
2020-01-25T03:00:00+00:00,trace_window,238.95176001275,0,0,250,0
2020-01-25T04:00:00+00:00,trace_window,241.044480115,0,0,250,0
2020-01-25T05:00:00+00:00,trace_window,241.74893969525,0,0,250,0
2020-01-25T06:00:00+00:00,trace_window,241.478827994,0,0,250,0
2020-01-25T07:00:00+00:00,trace_window,245.15709861825,0,0,250,0
2020-01-25T08:00:00+00:00,trace_window,246.51901937575,0,0,250,0
2020-01-25T09:00:00+00:00,trace_window,247.45382277775,0,0,250,0
2020-01-25T10:00:00+00:00,trace_window,245.8605252665,0,0,250,0
2020-01-25T11:00:00+00:00,trace_window,244.869427074,0,0,250,0
2020-01-25T12:00:00+00:00,trace_window,245.18602071225,0,0,250,0
2020-01-25T13:00:00+00:00,trace_window,243.3432701385,0,0,250,0
2020-01-25T14:00:00+00:00,trace_window,242.5220892495,0,0,250,0
2020-01-25T15:00:00+00:00,trace_window,241.99271163225,0,0,250,0
2020-01-25T16:00:00+00:00,trace_window,238.9553752745,0,0,250,0
2020-01-25T17:00:00+00:00,trace_window,239.59062841525,0,0,250,0
2020-01-25T18:00:00+00:00,trace_window,235.625202713,0,0,250,0
2020-01-25T19:00:00+00:00,trace_window,234.99666362975,0,0,250,0
2020-01-25T20:00:00+00:00,trace_window,231.95003088475,0,0,250,0
2020-01-25T21:00:00+00:00,trace_window,231.6959296285,0,0,250,0
2020-01-25T22:00:00+00:00,trace_window,230.60205470825,0,0,250,0
2020-01-25T23:00:00+00:00,trace_window,231.94073449725,0,0,250,0
2020-01-26T00:00:00+00:00,trace_window,232.59561334475,0,0,250,0
2020-01-26T01:00:00+00:00,trace_window,233.01498371075,0,0,250,0
2020-01-26T02:00:00+00:00,trace_window,234.57109567225,0,0,250,0
2020-01-26T03:00:00+00:00,trace_window,234.3738056725,0,0,250,0
2020-01-26T04:00:00+00:00,trace_window,237.089900198,0,0,250,0
2020-01-26T05:00:00+00:00,trace_window,238.77254632175,0,0,250,0
2020-01-26T06:00:00+00:00,trace_window,239.6830758235,0,0,250,0
2020-01-26T07:00:00+00:00,trace_window,241.4886408475,0,0,250,0
2020-01-26T08:00:00+00:00,trace_window,243.9093168395,0,0,250,0
2020-01-26T09:00:00+00:00,trace_window,243.88969113275,0,0,250,0
2020-01-26T10:00:00+00:00,trace_window,243.143914275,0,0,250,0
2020-01-26T11:00:00+00:00,trace_window,243.513187442,0,0,250,0
2020-01-26T12:00:00+00:00,trace_window,243.206923123,0,0,250,0
2020-01-26T13:00:00+00:00,trace_window,243.079356029,0,0,250,0
2020-01-26T14:00:00+00:00,trace_window,240.49857558675,0,0,250,0
2020-01-26T15:00:00+00:00,trace_window,238.0851301185,0,0,250,0
2020-01-26T16:00:00+00:00,trace_window,237.52424807725,0,0,250,0
2020-01-26T17:00:00+00:00,trace_window,238.03245058975,0,0,250,0
2020-01-26T18:00:00+00:00,trace_window,237.335737999,0,0,250,0
2020-01-26T19:00:00+00:00,trace_window,236.735604544,0,0,250,0
2020-01-26T20:00:00+00:00,trace_window,235.2445672945,0,0,250,0
2020-01-26T21:00:00+00:00,trace_window,231.97998591075,0,0,250,0
2020-01-26T22:00:00+00:00,trace_window,231.669073398,0,0,250,0
2020-01-26T23:00:00+00:00,trace_window,230.92278007425,0,0,250,0
2020-01-27T00:00:00+00:00,trace_window,232.53880208825,0,0,250,0
2020-01-27T01:00:00+00:00,trace_window,233.639907532,0,0,250,0
2020-01-27T02:00:00+00:00,trace_window,236.5016454605,0,0,250,0
2020-01-27T03:00:00+00:00,trace_window,237.1653042295,0,0,250,0
2020-01-27T04:00:00+00:00,trace_window,240.0368550115,0,0,250,0
2020-01-27T05:00:00+00:00,trace_window,240.672624618,0,0,250,0
2020-01-27T06:00:00+00:00,trace_window,241.07593671825,0,0,250,0
2020-01-27T07:00:00+00:00,trace_window,241.01710741875,0,0,250,0
2020-01-27T08:00:00+00:00,trace_window,242.99465561025,0,0,250,0
2020-01-27T09:00:00+00:00,trace_window,244.464001289,0,0,250,0
2020-01-27T10:00:00+00:00,trace_window,244.4268157395,0,0,250,0
2020-01-27T11:00:00+00:00,trace_window,247.15427251625,0,0,250,0
2020-01-27T12:00:00+00:00,trace_window,245.1359235135,0,0,250,0
2020-01-27T13:00:00+00:00,trace_window,243.1986596675,0,0,250,0
2020-01-27T14:00:00+00:00,trace_window,241.44267537625,0,0,250,0
2020-01-27T15:00:00+00:00,trace_window,238.36350527525,0,0,250,0
2020-01-27T16:00:00+00:00,trace_window,234.1326160655,0,0,250,0
2020-01-27T17:00:00+00:00,trace_window,234.688333447,0,0,250,0
2020-01-27T18:00:00+00:00,trace_window,232.493869549,0,0,250,0
2020-01-27T19:00:00+00:00,trace_window,229.184872092,0,0,250,0
2020-01-27T20:00:00+00:00,trace_window,229.58564968325,0,0,250,0
2020-01-27T21:00:00+00:00,trace_window,228.911661595,0,0,250,0
2020-01-27T22:00:00+00:00,trace_window,229.975065023,0,0,250,0
2020-01-27T23:00:00+00:00,trace_window,229.7106344475,0,0,250,0
2020-01-28T00:00:00+00:00,trace_window,231.47436572825,0,0,250,0
2020-01-28T01:00:00+00:00,trace_window,233.3078199145,0,0,250,0
2020-01-28T02:00:00+00:00,trace_window,231.849320021,0,0,250,0
2020-01-28T03:00:00+00:00,trace_window,231.4857279795,0,0,250,0
2020-01-28T04:00:00+00:00,trace_window,231.03588612125,0,0,250,0
2020-01-28T05:00:00+00:00,trace_window,234.61292941575,0,0,250,0
2020-01-28T06:00:00+00:00,trace_window,238.5194779975,0,0,250,0
2020-01-28T07:00:00+00:00,trace_window,241.47934446,0,0,250,0
2020-01-28T08:00:00+00:00,trace_window,243.367027573,0,0,250,0
2020-01-28T09:00:00+00:00,trace_window,242.2643727315,0,0,250,0
2020-01-28T10:00:00+00:00,trace_window,245.04864076475,0,0,250,0
2020-01-28T11:00:00+00:00,trace_window,244.81003348775,0,0,250,0
2020-01-28T12:00:00+00:00,trace_window,244.13759479725,0,0,250,0
2020-01-28T13:00:00+00:00,trace_window,242.98587568875,0,0,250,0
2020-01-28T14:00:00+00:00,trace_window,243.8432091955,0,0,250,0
2020-01-28T15:00:00+00:00,trace_window,242.6672161865,0,0,250,0
2020-01-28T16:00:00+00:00,trace_window,239.43465569275,0,0,250,0
2020-01-28T17:00:00+00:00,trace_window,237.86356621825,0,0,250,0
2020-01-28T18:00:00+00:00,trace_window,237.90385056375,0,0,250,0
2020-01-28T19:00:00+00:00,trace_window,237.66885854825,0,0,250,0
2020-01-28T20:00:00+00:00,trace_window,235.54515048775,0,0,250,0
2020-01-28T21:00:00+00:00,trace_window,235.1639986035,0,0,250,0
2020-01-28T22:00:00+00:00,trace_window,233.1306720875,0,0,250,0
2020-01-28T23:00:00+00:00,trace_window,234.02157588225,0,0,250,0
2020-01-29T00:00:00+00:00,trace_window,237.1141740985,0,0,250,0
2020-01-29T01:00:00+00:00,trace_window,237.2272801455,0,0,250,0
2020-01-29T02:00:00+00:00,trace_window,235.56477619475,0,0,250,0
2020-01-29T03:00:00+00:00,trace_window,238.0014626315,0,0,250,0
2020-01-29T04:00:00+00:00,trace_window,241.0207226805,0,0,250,0
2020-01-29T05:00:00+00:00,trace_window,242.95953592425,0,0,250,0
2020-01-29T06:00:00+00:00,trace_window,243.15269419625,0,0,250,0
2020-01-29T07:00:00+00:00,trace_window,243.6670943005,0,0,250,0
2020-01-29T08:00:00+00:00,trace_window,243.22086770425,0,0,250,0
2020-01-29T09:00:00+00:00,trace_window,244.625655137,0,0,250,0
2020-01-29T10:00:00+00:00,trace_window,244.18975786,0,0,250,0
2020-01-29T11:00:00+00:00,trace_window,241.52427699925,0,0,250,0
2020-01-29T12:00:00+00:00,trace_window,239.56273925275,0,0,250,0
2020-01-29T13:00:00+00:00,trace_window,241.89406663225,0,0,250,0
2020-01-29T14:00:00+00:00,trace_window,243.983171473,0,0,250,0
2020-01-29T15:00:00+00:00,trace_window,240.70206317825,0,0,250,0
2020-01-29T16:00:00+00:00,trace_window,238.77202985575,0,0,250,0
2020-01-29T17:00:00+00:00,trace_window,240.172169095,0,0,250,0
2020-01-29T18:00:00+00:00,trace_window,238.76686519625,0,0,250,0
2020-01-29T19:00:00+00:00,trace_window,237.37034121875,0,0,250,0
2020-01-29T20:00:00+00:00,trace_window,235.34527815825,0,0,250,0
2020-01-29T21:00:00+00:00,trace_window,232.87708729725,0,0,250,0
2020-01-29T22:00:00+00:00,trace_window,236.027013236,0,0,250,0
2020-01-29T23:00:00+00:00,trace_window,234.52048200725,0,0,250,0
2020-01-30T00:00:00+00:00,trace_window,236.75574671675,0,0,250,0
2020-01-30T01:00:00+00:00,trace_window,238.851565615,0,0,250,0
2020-01-30T02:00:00+00:00,trace_window,238.82367645275,0,0,250,0
2020-01-30T03:00:00+00:00,trace_window,238.54065310225,0,0,250,0
2020-01-30T04:00:00+00:00,trace_window,240.41800689575,0,0,250,0
2020-01-30T05:00:00+00:00,trace_window,243.56483403875,0,0,250,0
2020-01-30T06:00:00+00:00,trace_window,244.20163657725,0,0,250,0
2020-01-30T07:00:00+00:00,trace_window,244.1489570485,0,0,250,0
2020-01-30T08:00:00+00:00,trace_window,243.92067909075,0,0,250,0
2020-01-30T09:00:00+00:00,trace_window,244.190274326,0,0,250,0
2020-01-30T10:00:00+00:00,trace_window,245.5857653715,0,0,250,0
2020-01-30T11:00:00+00:00,trace_window,246.21275505675,0,0,250,0
2020-01-30T12:00:00+00:00,trace_window,244.925951405,0,0,250,0
2020-01-30T13:00:00+00:00,trace_window,245.86414052825,0,0,250,0
2020-01-30T14:00:00+00:00,trace_window,247.01017851125,0,0,250,0
2020-01-30T15:00:00+00:00,trace_window,246.12650524,0,0,250,0
2020-01-30T16:00:00+00:00,trace_window,246.0557494025,0,0,250,0
2020-01-30T17:00:00+00:00,trace_window,245.43599024075,0,0,250,0
2020-01-30T18:00:00+00:00,trace_window,242.224088386,0,0,250,0
2020-01-30T19:00:00+00:00,trace_window,239.3427247505,0,0,250,0
2020-01-30T20:00:00+00:00,trace_window,238.188939778,0,0,250,0
2020-01-30T21:00:00+00:00,trace_window,237.45814043325,0,0,250,0
2020-01-30T22:00:00+00:00,trace_window,237.816567815,0,0,250,0
2020-01-30T23:00:00+00:00,trace_window,236.752131455,0,0,250,0
2020-01-31T00:00:00+00:00,trace_window,237.46743682075,0,0,250,0
2020-01-31T01:00:00+00:00,trace_window,240.1809490165,0,0,250,0
2020-01-31T02:00:00+00:00,trace_window,243.51112157825,0,0,250,0
2020-01-31T03:00:00+00:00,trace_window,243.63920513825,0,0,250,0
2020-01-31T04:00:00+00:00,trace_window,245.67821277975,0,0,250,0
2020-01-31T05:00:00+00:00,trace_window,244.14534178675,0,0,250,0
2020-01-31T06:00:00+00:00,trace_window,247.32625568375,0,0,250,0
2020-01-31T07:00:00+00:00,trace_window,248.291014112,0,0,250,0
2020-01-31T08:00:00+00:00,trace_window,248.89682869225,0,0,250,0
2020-01-31T09:00:00+00:00,trace_window,250,0,0,250,0
2020-01-31T10:00:00+00:00,trace_window,248.58230091775,0,0,250,0
2020-01-31T11:00:00+00:00,trace_window,248.69540696475,0,0,250,0
2020-01-31T12:00:00+00:00,trace_window,247.81018429575,0,0,250,0
2020-01-31T13:00:00+00:00,trace_window,247.38926453175,0,0,250,0
2020-01-31T14:00:00+00:00,trace_window,247.29526772575,0,0,250,0
2020-01-31T15:00:00+00:00,trace_window,245.0207516025,0,0,250,0
2020-01-31T16:00:00+00:00,trace_window,240.1349835455,0,0,250,0
2020-01-31T17:00:00+00:00,trace_window,238.819028259,0,0,250,0
2020-01-31T18:00:00+00:00,trace_window,239.7460846715,0,0,250,0
2020-01-31T19:00:00+00:00,trace_window,238.62948524875,0,0,250,0
2020-01-31T20:00:00+00:00,trace_window,236.542962738,0,0,250,0
2020-01-31T21:00:00+00:00,trace_window,236.802228654,0,0,250,0
2020-01-31T22:00:00+00:00,trace_window,234.47554946825,0,0,250,0
2020-01-31T23:00:00+00:00,trace_window,233.6781260135,0,0,250,0
