source_hour_index,common_raw_start_us,common_raw_end_us,trace_relative_start_us,trace_relative_end_us,power_source_first_time_us,power_source_last_time_us,power_sample_count,measured_power_util_sum,measured_power_util_mean_12dp,bad_measurement_false_count,bad_measurement_true_count,bad_production_false_count,bad_production_true_count,cpu_source_row_count,observed_cpu_ncu_lower,observed_cpu_ncu_upper,observed_cpu_time_ncu_seconds_lower,observed_cpu_time_ncu_seconds_upper,observed_cpu_overlap_seconds,missing_cpu_overlap_seconds,cpu_conflict_overlap_seconds
1,3600000000,7200000000,3000000000,6600000000,3600000000,6900000000,12,8.446,0.703833333333,12,0,0,12,14,707.12780169487006810728,707.12780611594524810728,2545660.08610153224390625,2545660.10201740301390625,321935718.9999999996,0,8
2,7200000000,10800000000,6600000000,10200000000,7200000000,10500000000,12,8.505,0.708750000000,12,0,0,12,14,715.2800152670012523552,715.2800157764223623552,2575008.05496120461221875,2575008.05679512042221875,320776255.0000000001,0,8
3,10800000000,14400000000,10200000000,13800000000,10800000000,14100000000,12,8.328,0.694000000000,12,0,0,12,14,688.10765921884108748542,688.10765956401822748542,2477187.5731878278311875,2477187.5744304655811875,313206586.9999999988,0,3
4,14400000000,18000000000,13800000000,17400000000,14400000000,17700000000,12,8.361,0.696750000000,12,0,0,12,14,705.61080324384895469114,705.61080343988205269114,2540198.89167785622742812,2540198.89238357541742812,306829487.0000000013,0,6
5,18000000000,21600000000,17400000000,21000000000,18000000000,21300000000,12,8.604,0.717000000000,12,0,0,12,14,732.03583972824953566302,732.03584064695576566302,2635329.02302169822684688,2635329.02632904069684688,312474534.9999999979,0,2
6,21600000000,25200000000,21000000000,24600000000,21600000000,24900000000,12,8.793,0.732750000000,12,0,0,12,14,754.9092486219935435198,754.9092489099502235198,2717673.29503917684033125,2717673.29607582094033125,322115255.9999999998,0,3
7,25200000000,28800000000,24600000000,28200000000,25200000000,28500000000,12,9.052,0.754333333333,12,0,0,12,14,806.36276948213578139989,806.36277094841001239989,2902905.97013568879061562,2902905.97541427617061562,334620572.0000000031,0,10
8,28800000000,32400000000,28200000000,31800000000,28800000000,32100000000,12,9.09,0.757500000000,12,0,0,12,14,809.72991118298627764178,809.72991154723678764178,2915027.68025875065243438,2915027.68157005238243438,329219010.0000000001,0,4
9,32400000000,36000000000,31800000000,35400000000,32400000000,35700000000,12,9.107,0.758916666667,12,0,0,12,14,819.99072570032545898353,819.99073299778825998353,2951966.61252117161206875,2951966.63879203775206875,328420508.000000003,0,4
10,36000000000,39600000000,35400000000,39000000000,36000000000,39300000000,12,9.07,0.755833333333,12,0,0,12,14,790.94477156798042050572,790.94477189090509050572,2847401.17764472932634062,2847401.17880725821634062,332552489,0,5
11,39600000000,43200000000,39000000000,42600000000,39600000000,42900000000,12,9.036,0.753000000000,12,0,0,12,14,780.9679024754628196151,780.9679030092556276151,2811484.44891166594753438,2811484.45083332019753438,339463257.999999999,0,6
12,43200000000,46800000000,42600000000,46200000000,43200000000,46500000000,12,8.99,0.749166666667,12,0,0,12,14,771.64815149174798456478,771.64815887239251656478,2777933.34537029275528125,2777933.37194061323528125,348130981.9999999971,0,7
13,46800000000,50400000000,46200000000,49800000000,46800000000,50100000000,12,8.811,0.734250000000,12,0,0,12,14,744.93097771750555193397,744.93097783883412093397,2681751.51978301982940625,2681751.52021980268940625,320881717.000000001,0,2
14,50400000000,54000000000,49800000000,53400000000,50400000000,53700000000,12,8.705,0.725416666667,12,0,0,12,14,736.14252326488493854531,736.14252374808000654531,2650113.08375358568470312,2650113.08549308810470312,323570278,0,3
15,54000000000,57600000000,53400000000,57000000000,54000000000,57300000000,12,8.843,0.736916666667,12,0,0,12,14,755.90622694121481946072,755.90622713036015946072,2721262.41698837341939062,2721262.41766929661939062,337180029.0000000009,0,4
16,57600000000,61200000000,57000000000,60600000000,57600000000,60900000000,12,8.921,0.743416666667,12,0,0,12,14,753.87639358785418668053,753.87639474391944668053,2713955.01691627521862188,2713955.02107810991862188,361110665.0000000021,0,5
17,61200000000,64800000000,60600000000,64200000000,61200000000,64500000000,12,9.048,0.754000000000,12,0,0,12,14,788.45335901498803471728,788.45335910611686071728,2838432.09245395681270625,2838432.09278202071270625,356644497,0,4
18,64800000000,68400000000,64200000000,67800000000,64800000000,68100000000,12,9.074,0.756166666667,12,0,0,12,14,800.50029781500511379522,800.50030083126500379522,2881801.07213401835131875,2881801.08299255415131875,343506637.999999999,0,5
19,68400000000,72000000000,67800000000,71400000000,68400000000,71700000000,12,9.058,0.754833333333,12,0,0,12,14,806.59714720831978083656,806.59714720831978083656,2903749.72994995117671562,2903749.72994995117671562,339934931.9999999971,0,0
20,72000000000,75600000000,71400000000,75000000000,72000000000,75300000000,12,9.083,0.756916666667,12,0,0,12,14,799.98339186933311134447,799.98339534070762694447,2879940.21072959926102812,2879940.22322654749702812,350979054.000000002,0,5
21,75600000000,79200000000,75000000000,78600000000,75600000000,78900000000,12,9.059,0.754916666667,12,0,0,12,14,797.91341847101856202438,797.91341860400314402438,2872488.30649566709494375,2872488.30697441160494375,358009575,0,2
22,79200000000,82800000000,78600000000,82200000000,79200000000,82500000000,12,8.988,0.749000000000,12,0,0,12,14,771.87595924642357563947,771.87595939026945663947,2778753.45328712485767812,2778753.45380497003767812,356448956,0,4
23,82800000000,86400000000,82200000000,85800000000,82800000000,86100000000,12,8.856,0.738000000000,12,0,0,12,14,749.72527169624973095156,749.72527177095417095156,2699010.97810649906596562,2699010.97837543494596562,351311368,0,9
